{"stats":{"minecraft:custom":{"minecraft:time_since_rest":20926,"minecraft:sprint_one_cm":29632,"minecraft:damage_taken":80,"minecraft:walk_one_cm":37348,"minecraft:mob_kills":1,"minecraft:damage_dealt":109,"minecraft:interact_with_crafting_table":6,"minecraft:talked_to_villager":1,"minecraft:fly_one_cm":49912,"minecraft:crouch_one_cm":145,"minecraft:play_time":20926,"minecraft:sneak_time":27,"minecraft:boat_one_cm":79417,"minecraft:jump":258,"minecraft:time_since_death":20926,"minecraft:leave_game":4,"minecraft:walk_on_water_one_cm":140,"minecraft:total_world_time":20926,"minecraft:fall_one_cm":4611},"minecraft:picked_up":{"minecraft:stick":5,"minecraft:crafting_table":2,"minecraft:porkchop":1,"minecraft:oak_log":35,"minecraft:dirt":11,"minecraft:acacia_planks":4,"minecraft:apple":1,"minecraft:wheat_seeds":2,"minecraft:oak_boat":1,"minecraft:oak_sapling":4,"minecraft:cobblestone":6},"minecraft:mined":{"minecraft:crafting_table":2,"minecraft:short_grass":5,"minecraft:grass_block":4,"minecraft:oak_log":35,"minecraft:cobblestone":4,"minecraft:acacia_planks":4,"minecraft:oak_leaves":6},"minecraft:used":{"minecraft:apple":1,"minecraft:wooden_pickaxe":4,"minecraft:stone_axe":37,"minecraft:dirt":2,"minecraft:crafting_table":2,"minecraft:oak_boat":1},"minecraft:killed":{"minecraft:pig":1},"minecraft:crafted":{"minecraft:oak_boat":1,"minecraft:oak_planks":12,"minecraft:stick":8,"minecraft:wooden_pickaxe":1,"minecraft:stone_pickaxe":1,"minecraft:stone_axe":1}},"DataVersion":3953}