{"stats":{"minecraft:custom":{"minecraft:time_since_rest":8926,"minecraft:crouch_one_cm":20,"minecraft:play_time":8926,"minecraft:sprint_one_cm":2230,"minecraft:walk_one_cm":8229,"minecraft:sneak_time":9,"minecraft:jump":72,"minecraft:leave_game":4,"minecraft:time_since_death":8926,"minecraft:total_world_time":8926,"minecraft:fall_one_cm":1672,"minecraft:interact_with_crafting_table":3,"minecraft:fly_one_cm":6294},"minecraft:picked_up":{"minecraft:crafting_table":1,"minecraft:oak_log":2,"minecraft:dirt":2},"minecraft:mined":{"minecraft:short_grass":1,"minecraft:grass_block":2,"minecraft:oak_log":2,"minecraft:oak_leaves":3,"minecraft:crafting_table":1},"minecraft:used":{"minecraft:dirt":2,"minecraft:crafting_table":1},"minecraft:crafted":{"minecraft:oak_boat":1,"minecraft:oak_planks":8}},"DataVersion":3953}