{"stats":{"minecraft:custom":{"minecraft:time_since_rest":33998,"minecraft:sprint_one_cm":49463,"minecraft:damage_taken":135,"minecraft:walk_one_cm":94136,"minecraft:mob_kills":6,"minecraft:damage_dealt":689,"minecraft:traded_with_villager":15,"minecraft:swim_one_cm":1246,"minecraft:interact_with_crafting_table":7,"minecraft:talked_to_villager":6,"minecraft:fly_one_cm":71898,"minecraft:open_chest":1,"minecraft:crouch_one_cm":870,"minecraft:play_time":33998,"minecraft:walk_under_water_one_cm":125,"minecraft:sneak_time":261,"minecraft:boat_one_cm":79417,"minecraft:jump":457,"minecraft:leave_game":5,"minecraft:walk_on_water_one_cm":327,"minecraft:time_since_death":33998,"minecraft:total_world_time":33998,"minecraft:fall_one_cm":8466},"minecraft:picked_up":{"minecraft:stick":7,"minecraft:crafting_table":4,"minecraft:chicken":2,"minecraft:oak_door":1,"minecraft:acacia_log":42,"minecraft:oak_stairs":1,"minecraft:porkchop":1,"minecraft:oak_log":83,"minecraft:gunpowder":2,"minecraft:dirt":12,"minecraft:acacia_planks":4,"minecraft:rotten_flesh":3,"minecraft:apple":2,"minecraft:wheat_seeds":2,"minecraft:beef":2,"minecraft:oak_boat":1,"minecraft:oak_sapling":8,"minecraft:oak_planks":9,"minecraft:coal":8,"minecraft:cobblestone":15},"minecraft:mined":{"minecraft:acacia_leaves":1,"minecraft:glass_pane":3,"minecraft:oak_door":1,"minecraft:crafting_table":4,"minecraft:short_grass":8,"minecraft:acacia_log":45,"minecraft:coal_ore":9,"minecraft:grass_block":4,"minecraft:oak_log":83,"minecraft:oak_stairs":1,"minecraft:dirt":1,"minecraft:cobblestone":4,"minecraft:acacia_planks":4,"minecraft:stone":9,"minecraft:oak_planks":9,"minecraft:oak_leaves":9},"minecraft:broken":{"minecraft:stone_axe":1},"minecraft:used":{"minecraft:oak_log":3,"minecraft:apple":2,"minecraft:acacia_log":4,"minecraft:stone_pickaxe":19,"minecraft:wooden_pickaxe":4,"minecraft:stone_axe":163,"minecraft:dirt":2,"minecraft:crafting_table":3,"minecraft:porkchop":1,"minecraft:oak_boat":1},"minecraft:killed":{"minecraft:zombie":1,"minecraft:pig":1,"minecraft:chicken":2,"minecraft:creeper":1,"minecraft:cow":1},"minecraft:crafted":{"minecraft:oak_boat":1,"minecraft:oak_planks":320,"minecraft:emerald":15,"minecraft:stick":752,"minecraft:wooden_pickaxe":1,"minecraft:stone_pickaxe":1,"minecraft:acacia_planks":52,"minecraft:stone_axe":3}},"DataVersion":3953}