{"stats":{"minecraft:custom":{"minecraft:time_since_rest":5967,"minecraft:crouch_one_cm":272,"minecraft:play_time":5967,"minecraft:sprint_one_cm":13998,"minecraft:damage_taken":202,"minecraft:walk_one_cm":17834,"minecraft:sneak_time":79,"minecraft:mob_kills":3,"minecraft:jump":134,"minecraft:damage_dealt":159,"minecraft:time_since_death":5967,"minecraft:walk_on_water_one_cm":276,"minecraft:total_world_time":5967,"minecraft:fall_one_cm":3586,"minecraft:fly_one_cm":40099,"minecraft:horse_one_cm":4393},"minecraft:picked_up":{"minecraft:feather":1,"minecraft:chicken":2,"minecraft:wheat_seeds":1,"minecraft:acacia_log":2,"minecraft:sand":1},"minecraft:mined":{"minecraft:short_grass":5,"minecraft:acacia_log":2,"minecraft:sand":1},"minecraft:killed":{"minecraft:chicken":3},"minecraft:crafted":{"minecraft:acacia_planks":8,"minecraft:crafting_table":1}},"DataVersion":3953}