{"stats":{"minecraft:mined":{"minecraft:iron_ore":3,"minecraft:dandelion":1,"minecraft:crafting_table":1,"minecraft:short_grass":65,"minecraft:grass_block":6,"minecraft:oak_log":6,"minecraft:melon":2,"minecraft:vine":1,"minecraft:jungle_log":6,"minecraft:dirt":17,"minecraft:tall_grass":4,"minecraft:stone":7,"minecraft:oak_leaves":2,"minecraft:fern":1},"minecraft:crafted":{"minecraft:oak_planks":24,"minecraft:wooden_shovel":1,"minecraft:crafting_table":1,"minecraft:stick":4,"minecraft:wooden_pickaxe":1},"minecraft:picked_up":{"minecraft:raw_iron":2,"minecraft:stick":1,"minecraft:crafting_table":1,"minecraft:feather":6,"minecraft:chicken":4,"minecraft:jungle_log":6,"minecraft:leather":2,"minecraft:dandelion":1,"minecraft:porkchop":12,"minecraft:oak_log":6,"minecraft:dirt":21,"minecraft:stone_sword":1,"minecraft:stone_axe":1,"minecraft:wheat_seeds":6,"minecraft:beef":4,"minecraft:stone_pickaxe":1,"minecraft:gray_wool":1,"minecraft:melon_slice":6,"minecraft:mutton":9,"minecraft:white_wool":5,"minecraft:cobblestone":7},"minecraft:killed":{"minecraft:sheep":5,"minecraft:wolf":1,"minecraft:pig":5,"minecraft:chicken":4,"minecraft:cow":2},"minecraft:custom":{"minecraft:time_since_rest":29969,"minecraft:sprint_one_cm":176440,"minecraft:damage_taken":352,"minecraft:walk_one_cm":34593,"minecraft:mob_kills":17,"minecraft:damage_dealt":1635,"minecraft:swim_one_cm":21155,"minecraft:interact_with_crafting_table":3,"minecraft:fly_one_cm":268290,"minecraft:crouch_one_cm":1656,"minecraft:play_time":29969,"minecraft:sneak_time":964,"minecraft:walk_under_water_one_cm":1965,"minecraft:jump":1231,"minecraft:time_since_death":29969,"minecraft:walk_on_water_one_cm":7592,"minecraft:climb_one_cm":1013,"minecraft:total_world_time":29969,"minecraft:fall_one_cm":38596},"minecraft:used":{"minecraft:stone_sword":68,"minecraft:chicken":4,"minecraft:melon_slice":6,"minecraft:stone_pickaxe":9,"minecraft:oak_planks":14,"minecraft:wooden_pickaxe":1,"minecraft:wooden_shovel":24,"minecraft:stone_axe":18,"minecraft:mutton":5,"minecraft:dirt":21,"minecraft:beef":4,"minecraft:crafting_table":1,"minecraft:porkchop":12}},"DataVersion":3953}