{"stats":{"minecraft:mined":{"minecraft:red_bed":1,"minecraft:iron_ore":3,"minecraft:dandelion":3,"minecraft:crafting_table":1,"minecraft:cornflower":1,"minecraft:short_grass":197,"minecraft:grass_block":6,"minecraft:oak_log":6,"minecraft:melon":2,"minecraft:vine":1,"minecraft:jungle_log":6,"minecraft:dirt":17,"minecraft:tall_grass":23,"minecraft:stone":7,"minecraft:oak_leaves":6,"minecraft:fern":1},"minecraft:dropped":{"minecraft:bread":3,"minecraft:gray_wool":1,"minecraft:white_wool":10},"minecraft:crafted":{"minecraft:oak_planks":24,"minecraft:wooden_shovel":1,"minecraft:crafting_table":1,"minecraft:stick":4,"minecraft:wooden_pickaxe":1,"minecraft:chest":1,"minecraft:jungle_planks":24},"minecraft:picked_up":{"minecraft:crafting_table":1,"minecraft:stick":1,"minecraft:raw_iron":2,"minecraft:feather":6,"minecraft:chicken":4,"minecraft:jungle_log":6,"minecraft:leather":2,"minecraft:dandelion":1,"minecraft:porkchop":20,"minecraft:oak_log":6,"minecraft:dirt":21,"minecraft:stone_sword":1,"minecraft:stone_axe":1,"minecraft:wheat_seeds":26,"minecraft:beef":4,"minecraft:stone_pickaxe":1,"minecraft:gray_wool":2,"minecraft:bread":14,"minecraft:melon_slice":6,"minecraft:mutton":11,"minecraft:white_wool":12,"minecraft:cobblestone":7},"minecraft:killed":{"minecraft:sheep":7,"minecraft:wolf":1,"minecraft:armadillo":1,"minecraft:pig":11,"minecraft:chicken":4,"minecraft:cow":2},"minecraft:custom":{"minecraft:time_since_rest":43401,"minecraft:sprint_one_cm":225945,"minecraft:damage_taken":632,"minecraft:walk_one_cm":47098,"minecraft:mob_kills":26,"minecraft:drop":6,"minecraft:damage_dealt":2632,"minecraft:interact_with_crafting_table":5,"minecraft:swim_one_cm":21155,"minecraft:fly_one_cm":336479,"minecraft:open_chest":6,"minecraft:crouch_one_cm":2247,"minecraft:play_time":43401,"minecraft:sneak_time":1202,"minecraft:walk_under_water_one_cm":1965,"minecraft:jump":1522,"minecraft:leave_game":5,"minecraft:walk_on_water_one_cm":7592,"minecraft:time_since_death":43401,"minecraft:total_world_time":43401,"minecraft:climb_one_cm":1013,"minecraft:fall_one_cm":50034},"minecraft:used":{"minecraft:stone_sword":208,"minecraft:bread":3,"minecraft:stone_pickaxe":10,"minecraft:chicken":4,"minecraft:melon_slice":6,"minecraft:oak_planks":14,"minecraft:chest":1,"minecraft:wooden_pickaxe":1,"minecraft:wooden_shovel":24,"minecraft:stone_axe":47,"minecraft:mutton":10,"minecraft:dirt":21,"minecraft:beef":4,"minecraft:crafting_table":1,"minecraft:porkchop":14}},"DataVersion":3953}