{"stats":{"minecraft:mined":{"minecraft:iron_ore":3,"minecraft:crafting_table":1,"minecraft:short_grass":59,"minecraft:grass_block":6,"minecraft:oak_log":6,"minecraft:melon":2,"minecraft:vine":1,"minecraft:jungle_log":6,"minecraft:dirt":17,"minecraft:tall_grass":1,"minecraft:stone":1,"minecraft:oak_leaves":2,"minecraft:fern":1},"minecraft:crafted":{"minecraft:oak_planks":24,"minecraft:wooden_shovel":1,"minecraft:crafting_table":1,"minecraft:stick":4,"minecraft:wooden_pickaxe":1},"minecraft:picked_up":{"minecraft:raw_iron":2,"minecraft:stick":1,"minecraft:crafting_table":1,"minecraft:feather":6,"minecraft:chicken":4,"minecraft:jungle_log":6,"minecraft:leather":2,"minecraft:porkchop":2,"minecraft:oak_log":6,"minecraft:dirt":21,"minecraft:stone_sword":1,"minecraft:stone_axe":1,"minecraft:wheat_seeds":6,"minecraft:beef":4,"minecraft:stone_pickaxe":1,"minecraft:melon_slice":6,"minecraft:mutton":3,"minecraft:white_wool":3,"minecraft:cobblestone":1},"minecraft:killed":{"minecraft:sheep":2,"minecraft:wolf":1,"minecraft:pig":1,"minecraft:chicken":4,"minecraft:cow":2},"minecraft:custom":{"minecraft:time_since_rest":17969,"minecraft:sprint_one_cm":113704,"minecraft:damage_taken":180,"minecraft:walk_one_cm":27672,"minecraft:mob_kills":10,"minecraft:damage_dealt":995,"minecraft:swim_one_cm":4707,"minecraft:interact_with_crafting_table":3,"minecraft:fly_one_cm":133365,"minecraft:crouch_one_cm":1262,"minecraft:play_time":17969,"minecraft:sneak_time":499,"minecraft:walk_under_water_one_cm":780,"minecraft:jump":639,"minecraft:time_since_death":17969,"minecraft:walk_on_water_one_cm":458,"minecraft:climb_one_cm":1013,"minecraft:total_world_time":17969,"minecraft:fall_one_cm":17247},"minecraft:used":{"minecraft:stone_sword":42,"minecraft:melon_slice":6,"minecraft:stone_pickaxe":3,"minecraft:oak_planks":1,"minecraft:wooden_pickaxe":1,"minecraft:wooden_shovel":24,"minecraft:stone_axe":18,"minecraft:mutton":1,"minecraft:dirt":11,"minecraft:beef":4,"minecraft:crafting_table":1,"minecraft:porkchop":2}},"DataVersion":3953}