{"stats":{"minecraft:custom":{"minecraft:interact_with_smithing_table":1,"minecraft:interact_with_furnace":18,"minecraft:mob_kills":35,"minecraft:interact_with_crafting_table":10,"minecraft:leave_game":7,"minecraft:time_since_death":69260,"minecraft:sleep_in_bed":3,"minecraft:climb_one_cm":1237,"minecraft:time_since_rest":10281,"minecraft:sprint_one_cm":343748,"minecraft:damage_taken":883,"minecraft:walk_one_cm":75319,"minecraft:drop":17,"minecraft:damage_dealt":4522,"minecraft:swim_one_cm":28589,"minecraft:talked_to_villager":1,"minecraft:fly_one_cm":505720,"minecraft:open_chest":18,"minecraft:crouch_one_cm":11943,"minecraft:play_time":69260,"minecraft:sneak_time":4742,"minecraft:walk_under_water_one_cm":2245,"minecraft:jump":2218,"minecraft:walk_on_water_one_cm":8426,"minecraft:total_world_time":69260,"minecraft:fall_one_cm":74015},"minecraft:picked_up":{"minecraft:crafting_table":4,"minecraft:feather":8,"minecraft:chicken":5,"minecraft:jungle_log":6,"minecraft:leather":2,"minecraft:oak_log":6,"minecraft:dirt":51,"minecraft:wheat_seeds":40,"minecraft:iron_ingot":3,"minecraft:beef":4,"minecraft:stone_pickaxe":1,"minecraft:poppy":1,"minecraft:light_gray_wool":1,"minecraft:melon_slice":6,"minecraft:stick":1,"minecraft:raw_iron":2,"minecraft:dandelion":1,"minecraft:acacia_log":8,"minecraft:porkchop":28,"minecraft:spider_eye":1,"minecraft:stone_sword":1,"minecraft:rotten_flesh":1,"minecraft:diamond":3,"minecraft:stone_axe":1,"minecraft:hay_block":1,"minecraft:gray_wool":2,"minecraft:bread":14,"minecraft:mutton":13,"minecraft:cobblestone":15,"minecraft:white_wool":13},"minecraft:mined":{"minecraft:red_bed":1,"minecraft:dandelion":3,"minecraft:crafting_table":4,"minecraft:cornflower":1,"minecraft:short_grass":274,"minecraft:acacia_log":8,"minecraft:grass_block":20,"minecraft:poppy":1,"minecraft:melon":2,"minecraft:jungle_log":6,"minecraft:tall_grass":32,"minecraft:hay_block":1,"minecraft:iron_ore":3,"minecraft:oak_log":6,"minecraft:vine":1,"minecraft:dirt":21,"minecraft:stone":15,"minecraft:oak_leaves":8,"minecraft:fern":8},"minecraft:used":{"minecraft:cooked_mutton":1,"minecraft:water_bucket":5,"minecraft:stone_sword":300,"minecraft:stone_pickaxe":18,"minecraft:poppy":1,"minecraft:oak_planks":14,"minecraft:chest":1,"minecraft:wooden_pickaxe":1,"minecraft:chainmail_helmet":1,"minecraft:wooden_shovel":41,"minecraft:orange_bed":1,"minecraft:dirt":21,"minecraft:mutton":12,"minecraft:crafting_table":4,"minecraft:jungle_planks":15,"minecraft:bread":11,"minecraft:chicken":4,"minecraft:melon_slice":6,"minecraft:stone_axe":65,"minecraft:diamond_sword":21,"minecraft:cobblestone":6,"minecraft:beef":4,"minecraft:cooked_porkchop":2,"minecraft:porkchop":16,"minecraft:bucket":6,"minecraft:acacia_planks":1},"minecraft:dropped":{"minecraft:bread":3,"minecraft:wheat_seeds":10,"minecraft:rotten_flesh":1,"minecraft:gray_wool":1,"minecraft:white_wool":10},"minecraft:killed":{"minecraft:wolf":1,"minecraft:armadillo":1,"minecraft:pig":15,"minecraft:iron_golem":1,"minecraft:sheep":9,"minecraft:chicken":5,"minecraft:villager":1,"minecraft:cow":2},"minecraft:crafted":{"minecraft:oak_planks":24,"minecraft:wooden_shovel":1,"minecraft:diamond_sword":1,"minecraft:cooked_porkchop":8,"minecraft:crafting_table":1,"minecraft:wooden_pickaxe":1,"minecraft:bucket":1,"minecraft:cooked_mutton":1,"minecraft:air":0,"minecraft:jungle_planks":24,"minecraft:stick":8,"minecraft:chest":1,"minecraft:acacia_planks":4,"minecraft:wheat":9}},"DataVersion":3953}