{"stats":{"minecraft:custom":{"minecraft:interact_with_smithing_table":1,"minecraft:interact_with_furnace":18,"minecraft:mob_kills":43,"minecraft:interact_with_crafting_table":10,"minecraft:leave_game":7,"minecraft:time_since_death":93260,"minecraft:sleep_in_bed":3,"minecraft:climb_one_cm":1237,"minecraft:time_since_rest":34281,"minecraft:sprint_one_cm":456281,"minecraft:damage_taken":1394,"minecraft:walk_one_cm":118568,"minecraft:drop":18,"minecraft:damage_dealt":6936,"minecraft:swim_one_cm":28589,"minecraft:talked_to_villager":2,"minecraft:fly_one_cm":683199,"minecraft:open_chest":20,"minecraft:crouch_one_cm":13391,"minecraft:play_time":93260,"minecraft:sneak_time":5689,"minecraft:walk_under_water_one_cm":2245,"minecraft:jump":3120,"minecraft:walk_on_water_one_cm":10499,"minecraft:total_world_time":93260,"minecraft:fall_one_cm":89768,"minecraft:horse_one_cm":111694},"minecraft:picked_up":{"minecraft:crafting_table":4,"minecraft:feather":10,"minecraft:chicken":6,"minecraft:jungle_log":6,"minecraft:leather":2,"minecraft:oak_log":6,"minecraft:dirt":113,"minecraft:iron_shovel":3,"minecraft:bone":2,"minecraft:acacia_planks":3,"minecraft:bow":1,"minecraft:wheat_seeds":47,"minecraft:cobbled_deepslate":2,"minecraft:iron_ingot":6,"minecraft:beef":4,"minecraft:stone_pickaxe":1,"minecraft:poppy":1,"minecraft:light_gray_wool":1,"minecraft:melon_slice":6,"minecraft:sugar_cane":1,"minecraft:stick":1,"minecraft:raw_iron":2,"minecraft:dandelion":1,"minecraft:acacia_log":8,"minecraft:porkchop":31,"minecraft:sand":6,"minecraft:spider_eye":1,"minecraft:stone_sword":1,"minecraft:arrow":7,"minecraft:rotten_flesh":3,"minecraft:diamond":3,"minecraft:stone_axe":1,"minecraft:hay_block":1,"minecraft:gray_wool":2,"minecraft:bread":14,"minecraft:oak_sapling":1,"minecraft:mutton":13,"minecraft:cobblestone":15,"minecraft:white_wool":13},"minecraft:mined":{"minecraft:red_bed":1,"minecraft:dandelion":3,"minecraft:crafting_table":4,"minecraft:cornflower":1,"minecraft:short_grass":336,"minecraft:acacia_log":8,"minecraft:grass_block":42,"minecraft:poppy":1,"minecraft:melon":2,"minecraft:jungle_log":6,"minecraft:cobblestone":2,"minecraft:tall_grass":38,"minecraft:sugar_cane":1,"minecraft:hay_block":1,"minecraft:iron_ore":3,"minecraft:dirt_path":2,"minecraft:oak_log":6,"minecraft:vine":1,"minecraft:sand":6,"minecraft:dirt":37,"minecraft:acacia_planks":3,"minecraft:stone":15,"minecraft:oak_leaves":8,"minecraft:fern":8},"minecraft:used":{"minecraft:cooked_mutton":1,"minecraft:water_bucket":6,"minecraft:iron_shovel":31,"minecraft:stone_sword":300,"minecraft:stone_pickaxe":20,"minecraft:poppy":1,"minecraft:oak_planks":14,"minecraft:chest":1,"minecraft:wooden_pickaxe":1,"minecraft:chainmail_helmet":1,"minecraft:wooden_shovel":58,"minecraft:orange_bed":1,"minecraft:dirt":21,"minecraft:mutton":12,"minecraft:crafting_table":4,"minecraft:jungle_planks":15,"minecraft:lava_bucket":1,"minecraft:bread":11,"minecraft:chicken":4,"minecraft:melon_slice":6,"minecraft:stone_axe":68,"minecraft:diamond_sword":83,"minecraft:cobblestone":6,"minecraft:beef":4,"minecraft:cooked_porkchop":8,"minecraft:porkchop":22,"minecraft:bucket":8,"minecraft:acacia_planks":17},"minecraft:dropped":{"minecraft:bread":3,"minecraft:wheat_seeds":10,"minecraft:rotten_flesh":1,"minecraft:dirt":35,"minecraft:gray_wool":1,"minecraft:white_wool":10},"minecraft:killed":{"minecraft:wolf":1,"minecraft:armadillo":1,"minecraft:pig":16,"minecraft:iron_golem":2,"minecraft:skeleton":4,"minecraft:sheep":9,"minecraft:zombie":1,"minecraft:chicken":6,"minecraft:villager":1,"minecraft:cow":2},"minecraft:crafted":{"minecraft:oak_planks":24,"minecraft:wooden_shovel":1,"minecraft:diamond_sword":1,"minecraft:cooked_porkchop":8,"minecraft:crafting_table":1,"minecraft:wooden_pickaxe":1,"minecraft:bucket":1,"minecraft:cooked_mutton":1,"minecraft:air":0,"minecraft:jungle_planks":24,"minecraft:stick":8,"minecraft:chest":1,"minecraft:acacia_planks":32,"minecraft:wheat":9}},"DataVersion":3953}