{"stats":{"minecraft:mined":{"minecraft:red_bed":1,"minecraft:dandelion":3,"minecraft:crafting_table":1,"minecraft:cornflower":1,"minecraft:short_grass":239,"minecraft:acacia_log":8,"minecraft:grass_block":7,"minecraft:melon":2,"minecraft:jungle_log":6,"minecraft:tall_grass":24,"minecraft:iron_ore":3,"minecraft:oak_log":6,"minecraft:vine":1,"minecraft:dirt":17,"minecraft:stone":9,"minecraft:oak_leaves":6,"minecraft:fern":8},"minecraft:dropped":{"minecraft:bread":3,"minecraft:wheat_seeds":10,"minecraft:gray_wool":1,"minecraft:white_wool":10},"minecraft:crafted":{"minecraft:oak_planks":24,"minecraft:wooden_shovel":1,"minecraft:crafting_table":1,"minecraft:wooden_pickaxe":1,"minecraft:jungle_planks":24,"minecraft:stick":4,"minecraft:chest":1},"minecraft:picked_up":{"minecraft:crafting_table":1,"minecraft:feather":6,"minecraft:chicken":4,"minecraft:jungle_log":6,"minecraft:leather":2,"minecraft:oak_log":6,"minecraft:dirt":22,"minecraft:wheat_seeds":32,"minecraft:beef":4,"minecraft:stone_pickaxe":1,"minecraft:light_gray_wool":1,"minecraft:melon_slice":6,"minecraft:stick":1,"minecraft:raw_iron":2,"minecraft:dandelion":1,"minecraft:acacia_log":8,"minecraft:porkchop":20,"minecraft:spider_eye":1,"minecraft:stone_sword":1,"minecraft:stone_axe":1,"minecraft:gray_wool":2,"minecraft:bread":14,"minecraft:mutton":12,"minecraft:white_wool":12,"minecraft:cobblestone":9},"minecraft:custom":{"minecraft:mob_kills":27,"minecraft:interact_with_crafting_table":6,"minecraft:leave_game":6,"minecraft:time_since_death":50057,"minecraft:climb_one_cm":1013,"minecraft:time_since_rest":50057,"minecraft:sprint_one_cm":252581,"minecraft:damage_taken":727,"minecraft:walk_one_cm":53379,"minecraft:drop":16,"minecraft:damage_dealt":2872,"minecraft:swim_one_cm":21155,"minecraft:fly_one_cm":386732,"minecraft:open_chest":6,"minecraft:crouch_one_cm":6096,"minecraft:play_time":50057,"minecraft:sneak_time":2138,"minecraft:walk_under_water_one_cm":1965,"minecraft:jump":1733,"minecraft:walk_on_water_one_cm":7592,"minecraft:total_world_time":50057,"minecraft:fall_one_cm":58156},"minecraft:killed":{"minecraft:wolf":1,"minecraft:armadillo":1,"minecraft:pig":11,"minecraft:sheep":8,"minecraft:chicken":4,"minecraft:cow":2},"minecraft:used":{"minecraft:stone_sword":258,"minecraft:stone_pickaxe":12,"minecraft:oak_planks":14,"minecraft:chest":1,"minecraft:wooden_pickaxe":1,"minecraft:wooden_shovel":24,"minecraft:dirt":21,"minecraft:mutton":12,"minecraft:crafting_table":1,"minecraft:jungle_planks":15,"minecraft:melon_slice":6,"minecraft:chicken":4,"minecraft:bread":8,"minecraft:stone_axe":59,"minecraft:beef":4,"minecraft:porkchop":14}},"DataVersion":3953}