{"stats":{"minecraft:mined":{"minecraft:short_grass":34,"minecraft:grass_block":6,"minecraft:oak_log":6,"minecraft:dirt":17,"minecraft:stone":1},"minecraft:crafted":{"minecraft:oak_planks":24,"minecraft:wooden_shovel":1,"minecraft:stick":4,"minecraft:wooden_pickaxe":1},"minecraft:picked_up":{"minecraft:feather":5,"minecraft:stone_sword":1,"minecraft:chicken":3,"minecraft:stone_axe":1,"minecraft:wheat_seeds":3,"minecraft:porkchop":2,"minecraft:stone_pickaxe":1,"minecraft:oak_log":6,"minecraft:dirt":21,"minecraft:cobblestone":1},"minecraft:killed":{"minecraft:pig":1,"minecraft:chicken":3},"minecraft:custom":{"minecraft:time_since_rest":5969,"minecraft:crouch_one_cm":462,"minecraft:play_time":5969,"minecraft:sprint_one_cm":27968,"minecraft:walk_one_cm":14669,"minecraft:sneak_time":151,"minecraft:mob_kills":4,"minecraft:jump":115,"minecraft:damage_dealt":330,"minecraft:time_since_death":5969,"minecraft:total_world_time":5969,"minecraft:fall_one_cm":4145,"minecraft:interact_with_crafting_table":2,"minecraft:fly_one_cm":29818},"minecraft:used":{"minecraft:stone_axe":4,"minecraft:dirt":11,"minecraft:stone_sword":6,"minecraft:wooden_pickaxe":1,"minecraft:wooden_shovel":24}},"DataVersion":3953}