{"stats":{"minecraft:mined":{"minecraft:red_bed":1,"minecraft:dandelion":3,"minecraft:crafting_table":2,"minecraft:cornflower":1,"minecraft:short_grass":242,"minecraft:acacia_log":8,"minecraft:grass_block":7,"minecraft:melon":2,"minecraft:jungle_log":6,"minecraft:tall_grass":25,"minecraft:hay_block":1,"minecraft:iron_ore":3,"minecraft:oak_log":6,"minecraft:vine":1,"minecraft:dirt":17,"minecraft:stone":15,"minecraft:oak_leaves":6,"minecraft:fern":8},"minecraft:dropped":{"minecraft:bread":3,"minecraft:wheat_seeds":10,"minecraft:gray_wool":1,"minecraft:white_wool":10},"minecraft:crafted":{"minecraft:oak_planks":24,"minecraft:wooden_shovel":1,"minecraft:crafting_table":1,"minecraft:wooden_pickaxe":1,"minecraft:bucket":1,"minecraft:cooked_mutton":1,"minecraft:air":0,"minecraft:jungle_planks":24,"minecraft:stick":4,"minecraft:chest":1,"minecraft:wheat":9},"minecraft:picked_up":{"minecraft:crafting_table":2,"minecraft:feather":6,"minecraft:chicken":4,"minecraft:jungle_log":6,"minecraft:leather":2,"minecraft:oak_log":6,"minecraft:dirt":22,"minecraft:wheat_seeds":32,"minecraft:iron_ingot":3,"minecraft:beef":4,"minecraft:stone_pickaxe":1,"minecraft:light_gray_wool":1,"minecraft:melon_slice":6,"minecraft:stick":1,"minecraft:raw_iron":2,"minecraft:dandelion":1,"minecraft:acacia_log":8,"minecraft:porkchop":25,"minecraft:spider_eye":1,"minecraft:stone_sword":1,"minecraft:stone_axe":1,"minecraft:hay_block":1,"minecraft:gray_wool":2,"minecraft:bread":14,"minecraft:mutton":13,"minecraft:white_wool":13,"minecraft:cobblestone":15},"minecraft:killed":{"minecraft:wolf":1,"minecraft:armadillo":1,"minecraft:pig":14,"minecraft:iron_golem":1,"minecraft:sheep":9,"minecraft:chicken":4,"minecraft:villager":1,"minecraft:cow":2},"minecraft:custom":{"minecraft:interact_with_furnace":3,"minecraft:mob_kills":33,"minecraft:interact_with_crafting_table":8,"minecraft:leave_game":7,"minecraft:time_since_death":57290,"minecraft:sleep_in_bed":2,"minecraft:climb_one_cm":1237,"minecraft:time_since_rest":881,"minecraft:sprint_one_cm":284387,"minecraft:damage_taken":823,"minecraft:walk_one_cm":59270,"minecraft:drop":16,"minecraft:damage_dealt":4376,"minecraft:swim_one_cm":28589,"minecraft:fly_one_cm":427504,"minecraft:open_chest":10,"minecraft:crouch_one_cm":7161,"minecraft:play_time":57290,"minecraft:sneak_time":2863,"minecraft:walk_under_water_one_cm":2245,"minecraft:jump":1923,"minecraft:walk_on_water_one_cm":8233,"minecraft:total_world_time":57290,"minecraft:fall_one_cm":66091},"minecraft:used":{"minecraft:cooked_mutton":1,"minecraft:water_bucket":1,"minecraft:stone_sword":297,"minecraft:stone_pickaxe":18,"minecraft:oak_planks":14,"minecraft:chest":1,"minecraft:wooden_pickaxe":1,"minecraft:wooden_shovel":24,"minecraft:orange_bed":1,"minecraft:dirt":21,"minecraft:mutton":12,"minecraft:crafting_table":2,"minecraft:jungle_planks":15,"minecraft:melon_slice":6,"minecraft:chicken":4,"minecraft:bread":11,"minecraft:stone_axe":62,"minecraft:cobblestone":4,"minecraft:beef":4,"minecraft:porkchop":14,"minecraft:bucket":2}},"DataVersion":3953}