{"stats":{"minecraft:mined":{"minecraft:jungle_leaves":3,"minecraft:cornflower":1,"minecraft:short_grass":29,"minecraft:grass_block":2,"minecraft:oak_log":16,"minecraft:vine":3,"minecraft:oak_leaves":14},"minecraft:dropped":{"minecraft:wheat_seeds":3},"minecraft:picked_up":{"minecraft:feather":7,"minecraft:chicken":8,"minecraft:leather":11,"minecraft:porkchop":12,"minecraft:oak_log":16,"minecraft:cornflower":1,"minecraft:dirt":29,"minecraft:stone_axe":1,"minecraft:wheat_seeds":3,"minecraft:beef":18,"minecraft:stone_pickaxe":1,"minecraft:oak_sapling":2,"minecraft:mutton":3,"minecraft:white_wool":2},"minecraft:killed":{"minecraft:sheep":2,"minecraft:pig":5,"minecraft:chicken":8,"minecraft:cow":9},"minecraft:custom":{"minecraft:time_since_rest":19564,"minecraft:sprint_one_cm":112799,"minecraft:damage_taken":171,"minecraft:walk_one_cm":23218,"minecraft:mob_kills":24,"minecraft:drop":3,"minecraft:damage_dealt":1880,"minecraft:swim_one_cm":3830,"minecraft:fly_one_cm":180469,"minecraft:crouch_one_cm":33,"minecraft:play_time":19564,"minecraft:sneak_time":26,"minecraft:walk_under_water_one_cm":620,"minecraft:jump":883,"minecraft:leave_game":2,"minecraft:time_since_death":19564,"minecraft:walk_on_water_one_cm":1108,"minecraft:total_world_time":19564,"minecraft:climb_one_cm":149,"minecraft:fall_one_cm":23182},"minecraft:used":{"minecraft:oak_log":1,"minecraft:chicken":4,"minecraft:stone_axe":51,"minecraft:dirt":14,"minecraft:mutton":3,"minecraft:porkchop":12}},"DataVersion":3953}