{"stats":{"minecraft:mined":{"minecraft:nether_gold_ore":12,"minecraft:farmland":4,"minecraft:white_bed":8,"minecraft:oak_sapling":2,"minecraft:mossy_cobblestone":5,"minecraft:jungle_leaves":3,"minecraft:grass_block":205,"minecraft:cartography_table":1,"minecraft:composter":1,"minecraft:hay_block":18,"minecraft:carrots":260,"minecraft:fire":7,"minecraft:bell":1,"minecraft:potatoes":17,"minecraft:cobblestone_slab":2,"minecraft:dirt_path":30,"minecraft:vine":3,"minecraft:stone":59,"minecraft:bone_block":62,"minecraft:soul_fire":1,"minecraft:dandelion":1,"minecraft:crafting_table":1,"minecraft:cornflower":1,"minecraft:short_grass":110,"minecraft:poppy":1,"minecraft:chest":1,"minecraft:cobblestone":16,"minecraft:tall_grass":25,"minecraft:wall_torch":3,"minecraft:birch_log":98,"minecraft:wheat":47,"minecraft:birch_leaves":13,"minecraft:yellow_bed":1,"minecraft:oak_log":390,"minecraft:beetroots":3,"minecraft:gravel":144,"minecraft:dirt":70,"minecraft:netherrack":86,"minecraft:oak_leaves":297},"minecraft:dropped":{"minecraft:iron_ingot":4,"minecraft:bread":39,"minecraft:short_grass":6,"minecraft:diamond_axe":1,"minecraft:wheat_seeds":5,"minecraft:iron_helmet":2,"minecraft:cobblestone":18,"minecraft:chainmail_helmet":17,"minecraft:gray_wool":1,"minecraft:iron_axe":1,"minecraft:white_wool":1,"minecraft:stone_axe":10,"minecraft:iron_boots":9,"minecraft:carrot":839,"minecraft:diamond_pickaxe":1,"minecraft:chainmail_boots":12,"minecraft:spider_eye":1,"minecraft:stone_pickaxe":1},"minecraft:crafted":{"minecraft:cobblestone_slab":6,"minecraft:smooth_stone":7,"minecraft:oak_planks":3856,"minecraft:chainmail_helmet":17,"minecraft:stone_shovel":3,"minecraft:furnace":2,"minecraft:blast_furnace":1,"minecraft:stone":7,"minecraft:bone_meal":582,"minecraft:oak_trapdoor":2,"minecraft:flint_and_steel":1,"minecraft:diamond_helmet":1,"minecraft:diamond_leggings":1,"minecraft:iron_boots":9,"minecraft:iron_axe":2,"minecraft:chest":3,"minecraft:diamond_boots":1,"minecraft:birch_button":64,"minecraft:stone_hoe":1,"minecraft:wheat":162,"minecraft:emerald":289,"minecraft:diamond_axe":2,"minecraft:crafting_table":10,"minecraft:iron_helmet":1,"minecraft:smithing_table":1,"minecraft:fletching_table":6,"minecraft:bucket":1,"minecraft:birch_planks":1564,"minecraft:stone_axe":14,"minecraft:bread":59,"minecraft:air":0,"minecraft:oak_boat":2,"minecraft:wooden_hoe":2,"minecraft:diamond_pickaxe":2,"minecraft:stick":10260,"minecraft:iron_ingot":19,"minecraft:chainmail_boots":12,"minecraft:white_bed":11,"minecraft:shears":2,"minecraft:diamond_chestplate":1},"minecraft:broken":{"minecraft:shears":1,"minecraft:stone_axe":5,"minecraft:stone_shovel":2},"minecraft:picked_up":{"minecraft:crafting_table":1,"minecraft:wheat":9,"minecraft:chainmail_boots":12,"minecraft:chicken":8,"minecraft:cornflower":2,"minecraft:beetroot":1,"minecraft:cartography_table":1,"minecraft:gold_nugget":44,"minecraft:beef":19,"minecraft:oak_boat":11,"minecraft:cobblestone_slab":2,"minecraft:poppy":1,"minecraft:chest":2,"minecraft:birch_sapling":7,"minecraft:egg":1,"minecraft:iron_boots":9,"minecraft:stick":172,"minecraft:raw_iron":2,"minecraft:composter":1,"minecraft:oak_fence":1,"minecraft:torch":4,"minecraft:porkchop":12,"minecraft:carrot":1120,"minecraft:arrow":2,"minecraft:rotten_flesh":8,"minecraft:beetroot_seeds":6,"minecraft:shears":1,"minecraft:hay_block":18,"minecraft:mutton":24,"minecraft:cobblestone":83,"minecraft:white_wool":48,"minecraft:bone_block":62,"minecraft:birch_log":270,"minecraft:birch_leaves":7,"minecraft:feather":14,"minecraft:leather":24,"minecraft:potato":43,"minecraft:flint":33,"minecraft:oak_log":732,"minecraft:yellow_bed":1,"minecraft:dirt":335,"minecraft:cooked_mutton":5,"minecraft:apple":6,"minecraft:wheat_seeds":83,"minecraft:bell":1,"minecraft:iron_ingot":61,"minecraft:stone_pickaxe":2,"minecraft:oak_planks":15,"minecraft:dandelion":4,"minecraft:poisonous_potato":2,"minecraft:gravel":253,"minecraft:white_bed":8,"minecraft:spider_eye":2,"minecraft:mossy_cobblestone":6,"minecraft:stone_axe":11,"minecraft:short_grass":6,"minecraft:iron_helmet":2,"minecraft:gray_wool":3,"minecraft:bread":52,"minecraft:chainmail_helmet":17,"minecraft:oak_sapling":55,"minecraft:netherrack":85,"minecraft:oak_leaves":198},"minecraft:killed":{"minecraft:spider":1,"minecraft:skeleton":1,"minecraft:chicken":8,"minecraft:pig":5,"minecraft:iron_golem":1,"minecraft:sheep":20,"minecraft:zombie":4,"minecraft:cow":10},"minecraft:custom":{"minecraft:mob_kills":53,"minecraft:interact_with_crafting_table":38,"minecraft:leave_game":9,"minecraft:time_since_death":197056,"minecraft:climb_one_cm":447,"minecraft:sprint_one_cm":807426,"minecraft:walk_one_cm":267515,"minecraft:drop":89,"minecraft:talked_to_villager":96,"minecraft:play_time":241557,"minecraft:deaths":1,"minecraft:sneak_time":5457,"minecraft:walk_under_water_one_cm":2263,"minecraft:boat_one_cm":96600,"minecraft:jump":4549,"minecraft:walk_on_water_one_cm":14419,"minecraft:total_world_time":241557,"minecraft:interact_with_furnace":10,"minecraft:traded_with_villager":348,"minecraft:sleep_in_bed":18,"minecraft:time_since_rest":7608,"minecraft:damage_taken":2333,"minecraft:damage_dealt":5560,"minecraft:fly_one_cm":936819,"minecraft:swim_one_cm":12509,"minecraft:open_chest":111,"minecraft:crouch_one_cm":15126,"minecraft:fall_one_cm":127996},"minecraft:killed_by":{"minecraft:zombie":1},"minecraft:used":{"minecraft:oak_trapdoor":1,"minecraft:oak_fence":1,"minecraft:flint_and_steel":7,"minecraft:stone_shovel":395,"minecraft:chest":4,"minecraft:bell":1,"minecraft:stone_hoe":23,"minecraft:rotten_flesh":2,"minecraft:netherrack":81,"minecraft:orange_bed":1,"minecraft:torch":1,"minecraft:dirt":130,"minecraft:mutton":3,"minecraft:jungle_planks":1,"minecraft:carrot":260,"minecraft:lava_bucket":10,"minecraft:iron_helmet":1,"minecraft:iron_boots":1,"minecraft:beef":18,"minecraft:furnace":1,"minecraft:oak_sapling":2,"minecraft:beetroot_seeds":2,"minecraft:potato":51,"minecraft:cooked_mutton":2,"minecraft:water_bucket":4,"minecraft:diamond_boots":1,"minecraft:birch_planks":3,"minecraft:birch_leaves":7,"minecraft:stone_pickaxe":20,"minecraft:oak_planks":4,"minecraft:cobblestone_slab":4,"minecraft:fletching_table":4,"minecraft:diamond_axe":22,"minecraft:oak_leaves":196,"minecraft:mossy_cobblestone":6,"minecraft:crafting_table":11,"minecraft:red_bed":1,"minecraft:blast_furnace":1,"minecraft:white_bed":16,"minecraft:shears":237,"minecraft:oak_log":2,"minecraft:wooden_hoe":63,"minecraft:diamond_pickaxe":236,"minecraft:cornflower":1,"minecraft:apple":1,"minecraft:bread":54,"minecraft:chicken":8,"minecraft:gravel":116,"minecraft:stone_axe":609,"minecraft:cobblestone":43,"minecraft:chainmail_boots":1,"minecraft:porkchop":12,"minecraft:smithing_table":1,"minecraft:bucket":14,"minecraft:yellow_bed":3,"minecraft:oak_boat":13,"minecraft:dandelion":1,"minecraft:bone_meal":582}},"DataVersion":3953}