{"stats":{"minecraft:mined":{"minecraft:short_grass":17,"minecraft:grass_block":2,"minecraft:oak_log":1,"minecraft:oak_leaves":2},"minecraft:dropped":{"minecraft:wheat_seeds":2},"minecraft:picked_up":{"minecraft:feather":1,"minecraft:chicken":1,"minecraft:stone_axe":1,"minecraft:wheat_seeds":3,"minecraft:stone_pickaxe":1,"minecraft:oak_log":1,"minecraft:mutton":1,"minecraft:white_wool":1,"minecraft:dirt":2},"minecraft:killed":{"minecraft:sheep":1,"minecraft:chicken":1},"minecraft:custom":{"minecraft:time_since_rest":7564,"minecraft:sprint_one_cm":31491,"minecraft:play_time":7564,"minecraft:walk_one_cm":9034,"minecraft:sneak_time":1,"minecraft:mob_kills":2,"minecraft:drop":2,"minecraft:jump":224,"minecraft:damage_dealt":120,"minecraft:leave_game":2,"minecraft:time_since_death":7564,"minecraft:total_world_time":7564,"minecraft:fall_one_cm":3373,"minecraft:fly_one_cm":47743},"minecraft:used":{"minecraft:oak_log":1,"minecraft:mutton":1,"minecraft:chicken":1}},"DataVersion":3953}