{"stats":{"minecraft:custom":{"minecraft:mob_kills":98,"minecraft:interact_with_anvil":1,"minecraft:inspect_hopper":6,"minecraft:interact_with_crafting_table":65,"minecraft:leave_game":10,"minecraft:time_since_death":3421,"minecraft:climb_one_cm":447,"minecraft:sprint_one_cm":1298035,"minecraft:walk_one_cm":514320,"minecraft:drop":145,"minecraft:talked_to_villager":121,"minecraft:play_time":458323,"minecraft:deaths":5,"minecraft:sneak_time":17255,"minecraft:walk_under_water_one_cm":2741,"minecraft:boat_one_cm":195914,"minecraft:jump":8275,"minecraft:walk_on_water_one_cm":36063,"minecraft:total_world_time":458323,"minecraft:interact_with_furnace":36,"minecraft:traded_with_villager":359,"minecraft:sleep_in_bed":21,"minecraft:time_since_rest":3452,"minecraft:damage_taken":5789,"minecraft:damage_dealt":25178,"minecraft:swim_one_cm":12652,"minecraft:fly_one_cm":1632069,"minecraft:open_chest":223,"minecraft:crouch_one_cm":50131,"minecraft:fall_one_cm":230040},"minecraft:picked_up":{"minecraft:crafting_table":3,"minecraft:wheat":9,"minecraft:chainmail_boots":12,"minecraft:chicken":8,"minecraft:crimson_trapdoor":5,"minecraft:crimson_planks":52,"minecraft:cornflower":2,"minecraft:oak_trapdoor":1,"minecraft:string":6,"minecraft:oak_sign":3,"minecraft:beetroot":1,"minecraft:diamond_leggings":2,"minecraft:cartography_table":1,"minecraft:gold_nugget":44,"minecraft:bucket":4,"minecraft:beef":19,"minecraft:oak_boat":26,"minecraft:cobblestone_slab":15,"minecraft:poppy":14,"minecraft:furnace":1,"minecraft:chest":10,"minecraft:birch_sapling":7,"minecraft:iron_boots":9,"minecraft:egg":1,"minecraft:stick":175,"minecraft:raw_iron":2,"minecraft:composter":1,"minecraft:oak_fence":1,"minecraft:torch":7,"minecraft:porkchop":12,"minecraft:diorite":478,"minecraft:carrot":1120,"minecraft:golden_chestplate":3,"minecraft:stone_shovel":2,"minecraft:rotten_flesh":34,"minecraft:weeping_vines":3,"minecraft:arrow":6,"minecraft:diamond_chestplate":2,"minecraft:beetroot_seeds":6,"minecraft:shears":3,"minecraft:diamond_boots":3,"minecraft:hay_block":18,"minecraft:gold_ingot":6,"minecraft:mutton":24,"minecraft:bone_block":128,"minecraft:white_wool":48,"minecraft:cobblestone":149,"minecraft:birch_log":270,"minecraft:birch_leaves":7,"minecraft:feather":14,"minecraft:basalt":4,"minecraft:crimson_stem":80,"minecraft:water_bucket":2,"minecraft:leather":24,"minecraft:potato":43,"minecraft:flint":36,"minecraft:crimson_fungus":6,"minecraft:oak_log":781,"minecraft:yellow_bed":1,"minecraft:gunpowder":7,"minecraft:dirt":565,"minecraft:name_tag":1,"minecraft:cooked_mutton":5,"minecraft:glass":81,"minecraft:bone":54,"minecraft:apple":6,"minecraft:bow":3,"minecraft:wheat_seeds":87,"minecraft:crimson_fence_gate":1,"minecraft:bell":1,"minecraft:stone_pickaxe":2,"minecraft:iron_ingot":175,"minecraft:diamond_helmet":2,"minecraft:stone_hoe":1,"minecraft:oak_planks":24,"minecraft:warped_fungus":29,"minecraft:dandelion":11,"minecraft:poisonous_potato":2,"minecraft:gravel":373,"minecraft:sand":120,"minecraft:white_bed":13,"minecraft:spider_eye":4,"minecraft:mossy_cobblestone":9,"minecraft:stone_axe":13,"minecraft:short_grass":8,"minecraft:iron_helmet":2,"minecraft:diamond_axe":1,"minecraft:bone_meal":187,"minecraft:gray_wool":3,"minecraft:bread":126,"minecraft:chainmail_helmet":31,"minecraft:oak_sapling":55,"minecraft:netherrack":371,"minecraft:oak_leaves":430,"minecraft:coal":10,"minecraft:hopper":2,"minecraft:crimson_roots":4,"minecraft:diamond_pickaxe":2},"minecraft:mined":{"minecraft:nether_gold_ore":12,"minecraft:farmland":12,"minecraft:white_bed":13,"minecraft:oak_sapling":2,"minecraft:mossy_cobblestone":5,"minecraft:jungle_leaves":3,"minecraft:crimson_fence_gate":1,"minecraft:nether_bricks":4,"minecraft:crimson_trapdoor":4,"minecraft:grass_block":280,"minecraft:crimson_roots":7,"minecraft:weeping_vines":2,"minecraft:hopper":2,"minecraft:crimson_fungus":4,"minecraft:cartography_table":1,"minecraft:composter":1,"minecraft:crimson_stem":82,"minecraft:hay_block":18,"minecraft:weeping_vines_plant":1,"minecraft:oak_trapdoor":1,"minecraft:furnace":1,"minecraft:carrots":260,"minecraft:iron_ore":1,"minecraft:fire":10,"minecraft:bell":1,"minecraft:potatoes":17,"minecraft:cobblestone_slab":11,"minecraft:dirt_path":30,"minecraft:vine":3,"minecraft:stone":87,"minecraft:bone_block":86,"minecraft:crimson_nylium":6,"minecraft:soul_fire":2,"minecraft:basalt":4,"minecraft:dandelion":1,"minecraft:crafting_table":2,"minecraft:cornflower":1,"minecraft:short_grass":145,"minecraft:poppy":1,"minecraft:chest":9,"minecraft:tall_grass":28,"minecraft:cobblestone":57,"minecraft:diorite":248,"minecraft:wall_torch":3,"minecraft:birch_log":98,"minecraft:wheat":47,"minecraft:birch_leaves":13,"minecraft:warped_fungus":13,"minecraft:yellow_bed":1,"minecraft:coal_ore":1,"minecraft:oak_log":440,"minecraft:beetroots":3,"minecraft:sand":123,"minecraft:gravel":170,"minecraft:dirt":186,"minecraft:netherrack":304,"minecraft:oak_leaves":486},"minecraft:broken":{"minecraft:shears":1,"minecraft:stone_axe":5,"minecraft:stone_shovel":3},"minecraft:used":{"minecraft:oak_fence":1,"minecraft:oak_trapdoor":3,"minecraft:iron_shovel":246,"minecraft:flint_and_steel":7,"minecraft:stone_shovel":447,"minecraft:bone_block":3,"minecraft:oak_sign":7,"minecraft:chest":19,"minecraft:bell":1,"minecraft:stone_hoe":31,"minecraft:rotten_flesh":14,"minecraft:netherrack":277,"minecraft:orange_bed":1,"minecraft:torch":4,"minecraft:anvil":1,"minecraft:mutton":3,"minecraft:dirt":575,"minecraft:hopper":4,"minecraft:jungle_planks":1,"minecraft:carrot":260,"minecraft:oak_fence_gate":1,"minecraft:lava_bucket":13,"minecraft:iron_helmet":1,"minecraft:iron_boots":1,"minecraft:diamond_chestplate":1,"minecraft:warped_fungus":9,"minecraft:golden_carrot":8,"minecraft:beef":18,"minecraft:furnace":3,"minecraft:oak_sapling":2,"minecraft:beetroot_seeds":2,"minecraft:potato":51,"minecraft:short_grass":2,"minecraft:cooked_mutton":2,"minecraft:water_bucket":18,"minecraft:diamond_boots":2,"minecraft:birch_planks":3,"minecraft:birch_leaves":7,"minecraft:stone_pickaxe":20,"minecraft:oak_planks":4,"minecraft:diamond_axe":381,"minecraft:fletching_table":4,"minecraft:cobblestone_slab":355,"minecraft:oak_leaves":221,"minecraft:mossy_cobblestone":6,"minecraft:crimson_trapdoor":7,"minecraft:crafting_table":12,"minecraft:red_bed":1,"minecraft:blast_furnace":1,"minecraft:white_bed":24,"minecraft:shears":413,"minecraft:crimson_fence_gate":2,"minecraft:oak_log":2,"minecraft:wooden_hoe":71,"minecraft:diamond_pickaxe":836,"minecraft:cornflower":1,"minecraft:apple":1,"minecraft:bread":98,"minecraft:chicken":8,"minecraft:gravel":221,"minecraft:stone_axe":609,"minecraft:cobblestone":104,"minecraft:chainmail_boots":1,"minecraft:porkchop":12,"minecraft:smithing_table":1,"minecraft:poisonous_potato":1,"minecraft:bucket":35,"minecraft:yellow_bed":3,"minecraft:oak_boat":24,"minecraft:bone_meal":584,"minecraft:dandelion":1},"minecraft:killed_by":{"minecraft:creeper":1,"minecraft:zombie":3},"minecraft:dropped":{"minecraft:stone_hoe":1,"minecraft:iron_ingot":10,"minecraft:bread":39,"minecraft:short_grass":6,"minecraft:wheat_seeds":15,"minecraft:diamond_axe":1,"minecraft:mossy_cobblestone":2,"minecraft:weeping_vines":1,"minecraft:iron_helmet":2,"minecraft:cobblestone":38,"minecraft:chainmail_helmet":32,"minecraft:stick":1,"minecraft:gray_wool":1,"minecraft:crimson_trapdoor":1,"minecraft:wooden_hoe":1,"minecraft:crimson_roots":2,"minecraft:iron_axe":1,"minecraft:string":2,"minecraft:white_wool":1,"minecraft:dandelion":2,"minecraft:stone_axe":10,"minecraft:golden_chestplate":2,"minecraft:stone_shovel":2,"minecraft:iron_boots":9,"minecraft:carrot":839,"minecraft:poppy":6,"minecraft:cobblestone_slab":1,"minecraft:diamond_pickaxe":1,"minecraft:chainmail_boots":12,"minecraft:spider_eye":3,"minecraft:stone_pickaxe":1},"minecraft:killed":{"minecraft:spider":3,"minecraft:skeleton":7,"minecraft:chicken":8,"minecraft:pig":5,"minecraft:iron_golem":17,"minecraft:creeper":1,"minecraft:sheep":20,"minecraft:zombie":19,"minecraft:cow":10},"minecraft:crafted":{"minecraft:oak_planks":3856,"minecraft:smooth_stone":7,"minecraft:chainmail_helmet":17,"minecraft:cobblestone_slab":12,"minecraft:stone_shovel":3,"minecraft:oak_sign":3,"minecraft:crimson_trapdoor":4,"minecraft:crimson_fence_gate":1,"minecraft:furnace":4,"minecraft:blast_furnace":1,"minecraft:stone":7,"minecraft:bone_meal":960,"minecraft:flint_and_steel":1,"minecraft:oak_trapdoor":2,"minecraft:glass":17,"minecraft:hopper":2,"minecraft:diamond_helmet":1,"minecraft:diamond_leggings":1,"minecraft:iron_boots":9,"minecraft:iron_axe":2,"minecraft:chest":12,"minecraft:diamond_boots":1,"minecraft:birch_button":64,"minecraft:stone_hoe":2,"minecraft:wheat":162,"minecraft:coal_block":1,"minecraft:bone_block":21,"minecraft:crimson_planks":36,"minecraft:emerald":289,"minecraft:diamond_axe":2,"minecraft:crafting_table":11,"minecraft:iron_helmet":1,"minecraft:smithing_table":1,"minecraft:fletching_table":6,"minecraft:bucket":6,"minecraft:birch_planks":1564,"minecraft:stone_axe":14,"minecraft:bread":125,"minecraft:air":0,"minecraft:oak_fence_gate":1,"minecraft:oak_boat":3,"minecraft:wooden_hoe":2,"minecraft:diamond_pickaxe":2,"minecraft:stick":10276,"minecraft:chainmail_boots":12,"minecraft:iron_ingot":19,"minecraft:iron_block":3,"minecraft:iron_shovel":1,"minecraft:anvil":1,"minecraft:white_bed":11,"minecraft:shears":2,"minecraft:diamond_chestplate":1}},"DataVersion":3953}