{"stats":{"minecraft:mined":{"minecraft:oak_sapling":2,"minecraft:farmland":4,"minecraft:mossy_cobblestone":5,"minecraft:jungle_leaves":3,"minecraft:crafting_table":1,"minecraft:cornflower":1,"minecraft:short_grass":55,"minecraft:grass_block":96,"minecraft:chest":1,"minecraft:tall_grass":9,"minecraft:cobblestone":12,"minecraft:composter":1,"minecraft:cartography_table":1,"minecraft:hay_block":18,"minecraft:carrots":17,"minecraft:wheat":30,"minecraft:birch_leaves":10,"minecraft:yellow_bed":1,"minecraft:bell":1,"minecraft:dirt_path":30,"minecraft:potatoes":6,"minecraft:oak_log":88,"minecraft:beetroots":2,"minecraft:vine":3,"minecraft:gravel":132,"minecraft:dirt":36,"minecraft:oak_leaves":251},"minecraft:dropped":{"minecraft:bread":14,"minecraft:iron_ingot":4,"minecraft:short_grass":6,"minecraft:wheat_seeds":4,"minecraft:cobblestone":18,"minecraft:gray_wool":1,"minecraft:spider_eye":1,"minecraft:stone_pickaxe":1,"minecraft:white_wool":1},"minecraft:crafted":{"minecraft:oak_planks":348,"minecraft:stone_shovel":2,"minecraft:emerald":23,"minecraft:crafting_table":5,"minecraft:furnace":1,"minecraft:birch_planks":188,"minecraft:fletching_table":6,"minecraft:stone_axe":4,"minecraft:bread":59,"minecraft:air":0,"minecraft:stick":896,"minecraft:iron_ingot":2,"minecraft:chest":1,"minecraft:white_bed":11,"minecraft:stone_hoe":1,"minecraft:shears":1,"minecraft:wheat":162},"minecraft:broken":{"minecraft:stone_axe":1,"minecraft:shears":1,"minecraft:stone_shovel":2},"minecraft:picked_up":{"minecraft:birch_leaves":7,"minecraft:crafting_table":1,"minecraft:wheat":6,"minecraft:feather":14,"minecraft:chicken":8,"minecraft:leather":22,"minecraft:potato":6,"minecraft:flint":16,"minecraft:oak_log":98,"minecraft:yellow_bed":1,"minecraft:cornflower":2,"minecraft:dirt":197,"minecraft:apple":1,"minecraft:wheat_seeds":52,"minecraft:cartography_table":1,"minecraft:bell":1,"minecraft:stone_pickaxe":2,"minecraft:iron_ingot":4,"minecraft:beef":18,"minecraft:chest":2,"minecraft:oak_planks":15,"minecraft:stick":6,"minecraft:raw_iron":2,"minecraft:composter":1,"minecraft:oak_fence":1,"minecraft:torch":1,"minecraft:dandelion":3,"minecraft:gravel":116,"minecraft:porkchop":12,"minecraft:carrot":17,"minecraft:spider_eye":2,"minecraft:mossy_cobblestone":6,"minecraft:rotten_flesh":6,"minecraft:stone_axe":1,"minecraft:beetroot_seeds":2,"minecraft:short_grass":6,"minecraft:shears":1,"minecraft:hay_block":18,"minecraft:gray_wool":3,"minecraft:bread":52,"minecraft:oak_sapling":12,"minecraft:mutton":24,"minecraft:cobblestone":22,"minecraft:oak_leaves":192,"minecraft:white_wool":45},"minecraft:killed":{"minecraft:pig":5,"minecraft:spider":1,"minecraft:sheep":17,"minecraft:zombie":4,"minecraft:chicken":8,"minecraft:cow":9},"minecraft:custom":{"minecraft:interact_with_furnace":2,"minecraft:mob_kills":45,"minecraft:traded_with_villager":23,"minecraft:interact_with_crafting_table":21,"minecraft:leave_game":8,"minecraft:time_since_death":59053,"minecraft:sleep_in_bed":7,"minecraft:climb_one_cm":447,"minecraft:time_since_rest":11702,"minecraft:sprint_one_cm":423110,"minecraft:damage_taken":1466,"minecraft:walk_one_cm":112561,"minecraft:drop":16,"minecraft:damage_dealt":4129,"minecraft:talked_to_villager":5,"minecraft:swim_one_cm":12109,"minecraft:fly_one_cm":606184,"minecraft:open_chest":24,"minecraft:crouch_one_cm":8241,"minecraft:play_time":103554,"minecraft:deaths":1,"minecraft:sneak_time":2947,"minecraft:walk_under_water_one_cm":2170,"minecraft:jump":2902,"minecraft:walk_on_water_one_cm":12119,"minecraft:total_world_time":103554,"minecraft:fall_one_cm":80856},"minecraft:killed_by":{"minecraft:zombie":1},"minecraft:used":{"minecraft:oak_fence":1,"minecraft:birch_leaves":7,"minecraft:stone_shovel":269,"minecraft:stone_pickaxe":20,"minecraft:chest":2,"minecraft:fletching_table":2,"minecraft:stone_hoe":23,"minecraft:rotten_flesh":2,"minecraft:oak_leaves":191,"minecraft:orange_bed":1,"minecraft:torch":1,"minecraft:mossy_cobblestone":6,"minecraft:dirt":72,"minecraft:mutton":3,"minecraft:crafting_table":6,"minecraft:red_bed":1,"minecraft:carrot":17,"minecraft:jungle_planks":1,"minecraft:white_bed":11,"minecraft:shears":231,"minecraft:oak_log":1,"minecraft:cornflower":1,"minecraft:apple":1,"minecraft:chicken":8,"minecraft:bread":23,"minecraft:gravel":107,"minecraft:stone_axe":160,"minecraft:cobblestone":4,"minecraft:beef":18,"minecraft:furnace":1,"minecraft:oak_sapling":2,"minecraft:porkchop":12,"minecraft:beetroot_seeds":2,"minecraft:yellow_bed":3,"minecraft:potato":14,"minecraft:dandelion":1}},"DataVersion":3953}