{"stats":{"minecraft:mined":{"minecraft:oak_sapling":2,"minecraft:mossy_cobblestone":5,"minecraft:jungle_leaves":3,"minecraft:crafting_table":1,"minecraft:cornflower":1,"minecraft:short_grass":48,"minecraft:grass_block":3,"minecraft:chest":1,"minecraft:tall_grass":5,"minecraft:cobblestone":12,"minecraft:cartography_table":1,"minecraft:hay_block":18,"minecraft:carrots":17,"minecraft:wheat":30,"minecraft:birch_leaves":10,"minecraft:yellow_bed":1,"minecraft:bell":1,"minecraft:potatoes":6,"minecraft:oak_log":16,"minecraft:beetroots":2,"minecraft:vine":3,"minecraft:dirt":12,"minecraft:oak_leaves":242},"minecraft:dropped":{"minecraft:bread":14,"minecraft:iron_ingot":4,"minecraft:wheat_seeds":4,"minecraft:cobblestone":18,"minecraft:gray_wool":1,"minecraft:spider_eye":1,"minecraft:stone_pickaxe":1,"minecraft:white_wool":1},"minecraft:crafted":{"minecraft:oak_planks":60,"minecraft:crafting_table":4,"minecraft:furnace":1,"minecraft:bread":27,"minecraft:air":0,"minecraft:iron_ingot":2,"minecraft:chest":1,"minecraft:white_bed":11,"minecraft:shears":1,"minecraft:wheat":81},"minecraft:broken":{"minecraft:stone_axe":1,"minecraft:shears":1},"minecraft:picked_up":{"minecraft:birch_leaves":7,"minecraft:crafting_table":1,"minecraft:wheat":6,"minecraft:feather":14,"minecraft:chicken":8,"minecraft:leather":22,"minecraft:potato":6,"minecraft:oak_log":26,"minecraft:yellow_bed":1,"minecraft:cornflower":2,"minecraft:dirt":46,"minecraft:apple":1,"minecraft:wheat_seeds":49,"minecraft:cartography_table":1,"minecraft:bell":1,"minecraft:stone_pickaxe":2,"minecraft:iron_ingot":4,"minecraft:beef":18,"minecraft:chest":2,"minecraft:oak_planks":15,"minecraft:stick":6,"minecraft:raw_iron":2,"minecraft:oak_fence":1,"minecraft:dandelion":3,"minecraft:porkchop":12,"minecraft:carrot":17,"minecraft:spider_eye":2,"minecraft:mossy_cobblestone":6,"minecraft:rotten_flesh":6,"minecraft:stone_axe":1,"minecraft:beetroot_seeds":2,"minecraft:short_grass":6,"minecraft:shears":1,"minecraft:hay_block":18,"minecraft:gray_wool":3,"minecraft:bread":52,"minecraft:oak_sapling":12,"minecraft:mutton":24,"minecraft:cobblestone":22,"minecraft:oak_leaves":190,"minecraft:white_wool":45},"minecraft:killed":{"minecraft:pig":5,"minecraft:spider":1,"minecraft:sheep":17,"minecraft:zombie":4,"minecraft:chicken":8,"minecraft:cow":9},"minecraft:custom":{"minecraft:interact_with_furnace":2,"minecraft:mob_kills":45,"minecraft:interact_with_crafting_table":13,"minecraft:leave_game":8,"minecraft:time_since_death":35053,"minecraft:sleep_in_bed":6,"minecraft:climb_one_cm":447,"minecraft:time_since_rest":5703,"minecraft:sprint_one_cm":329321,"minecraft:damage_taken":1386,"minecraft:walk_one_cm":83996,"minecraft:drop":15,"minecraft:damage_dealt":4129,"minecraft:swim_one_cm":12109,"minecraft:fly_one_cm":525412,"minecraft:open_chest":16,"minecraft:crouch_one_cm":7142,"minecraft:play_time":79554,"minecraft:deaths":1,"minecraft:sneak_time":2744,"minecraft:walk_under_water_one_cm":2155,"minecraft:jump":2560,"minecraft:walk_on_water_one_cm":9370,"minecraft:total_world_time":79554,"minecraft:fall_one_cm":73316},"minecraft:killed_by":{"minecraft:zombie":1},"minecraft:used":{"minecraft:birch_leaves":7,"minecraft:stone_pickaxe":20,"minecraft:chest":2,"minecraft:rotten_flesh":2,"minecraft:oak_leaves":190,"minecraft:orange_bed":1,"minecraft:mossy_cobblestone":6,"minecraft:dirt":42,"minecraft:mutton":3,"minecraft:crafting_table":5,"minecraft:red_bed":1,"minecraft:white_bed":11,"minecraft:shears":229,"minecraft:oak_log":1,"minecraft:cornflower":1,"minecraft:apple":1,"minecraft:chicken":8,"minecraft:bread":19,"minecraft:stone_axe":78,"minecraft:cobblestone":4,"minecraft:beef":18,"minecraft:furnace":1,"minecraft:oak_sapling":2,"minecraft:porkchop":12,"minecraft:beetroot_seeds":2,"minecraft:yellow_bed":3,"minecraft:dandelion":1}},"DataVersion":3953}