{"stats":{"minecraft:mined":{"minecraft:hay_block":9,"minecraft:oak_sapling":2,"minecraft:jungle_leaves":3,"minecraft:crafting_table":1,"minecraft:cornflower":1,"minecraft:short_grass":34,"minecraft:grass_block":3,"minecraft:oak_log":16,"minecraft:vine":3,"minecraft:chest":1,"minecraft:dirt":8,"minecraft:oak_leaves":14},"minecraft:dropped":{"minecraft:bread":14,"minecraft:gray_wool":1,"minecraft:wheat_seeds":3,"minecraft:white_wool":1},"minecraft:crafted":{"minecraft:oak_planks":20,"minecraft:crafting_table":2,"minecraft:bread":27,"minecraft:wheat":81},"minecraft:broken":{"minecraft:stone_axe":1},"minecraft:picked_up":{"minecraft:crafting_table":1,"minecraft:feather":14,"minecraft:chicken":8,"minecraft:leather":22,"minecraft:dandelion":2,"minecraft:porkchop":12,"minecraft:oak_log":26,"minecraft:spider_eye":2,"minecraft:cornflower":2,"minecraft:dirt":42,"minecraft:rotten_flesh":4,"minecraft:stone_axe":1,"minecraft:wheat_seeds":5,"minecraft:hay_block":9,"minecraft:beef":18,"minecraft:stone_pickaxe":2,"minecraft:gray_wool":3,"minecraft:bread":3,"minecraft:oak_sapling":6,"minecraft:chest":2,"minecraft:mutton":24,"minecraft:oak_planks":15,"minecraft:white_wool":45},"minecraft:killed":{"minecraft:sheep":17,"minecraft:zombie":3,"minecraft:pig":5,"minecraft:chicken":8,"minecraft:spider":1,"minecraft:cow":9},"minecraft:custom":{"minecraft:time_since_rest":742,"minecraft:sprint_one_cm":204563,"minecraft:damage_taken":806,"minecraft:walk_one_cm":43071,"minecraft:mob_kills":43,"minecraft:drop":6,"minecraft:damage_dealt":3920,"minecraft:interact_with_crafting_table":7,"minecraft:swim_one_cm":8544,"minecraft:fly_one_cm":378921,"minecraft:open_chest":1,"minecraft:crouch_one_cm":393,"minecraft:play_time":45084,"minecraft:deaths":1,"minecraft:sneak_time":224,"minecraft:walk_under_water_one_cm":1456,"minecraft:jump":1757,"minecraft:leave_game":6,"minecraft:walk_on_water_one_cm":1593,"minecraft:time_since_death":583,"minecraft:total_world_time":45084,"minecraft:climb_one_cm":149,"minecraft:fall_one_cm":50689},"minecraft:killed_by":{"minecraft:zombie":1},"minecraft:used":{"minecraft:oak_log":1,"minecraft:cornflower":1,"minecraft:chicken":8,"minecraft:bread":4,"minecraft:stone_axe":78,"minecraft:dirt":34,"minecraft:mutton":3,"minecraft:beef":18,"minecraft:crafting_table":3,"minecraft:oak_sapling":2,"minecraft:porkchop":12,"minecraft:dandelion":1}},"DataVersion":3953}