{"stats":{"minecraft:mined":{"minecraft:white_bed":2,"minecraft:oak_sapling":2,"minecraft:farmland":4,"minecraft:mossy_cobblestone":5,"minecraft:jungle_leaves":3,"minecraft:grass_block":117,"minecraft:composter":1,"minecraft:cartography_table":1,"minecraft:hay_block":18,"minecraft:carrots":17,"minecraft:bell":1,"minecraft:potatoes":17,"minecraft:vine":3,"minecraft:dirt_path":30,"minecraft:stone":10,"minecraft:crafting_table":1,"minecraft:cornflower":1,"minecraft:short_grass":65,"minecraft:chest":1,"minecraft:cobblestone":12,"minecraft:tall_grass":9,"minecraft:birch_log":98,"minecraft:wheat":47,"minecraft:birch_leaves":13,"minecraft:yellow_bed":1,"minecraft:oak_log":389,"minecraft:beetroots":3,"minecraft:gravel":132,"minecraft:dirt":54,"minecraft:oak_leaves":289},"minecraft:dropped":{"minecraft:iron_ingot":4,"minecraft:bread":39,"minecraft:short_grass":6,"minecraft:wheat_seeds":4,"minecraft:diamond_axe":1,"minecraft:cobblestone":18,"minecraft:gray_wool":1,"minecraft:iron_axe":1,"minecraft:white_wool":1,"minecraft:stone_axe":10,"minecraft:spider_eye":1,"minecraft:stone_pickaxe":1},"minecraft:crafted":{"minecraft:oak_planks":1808,"minecraft:stone_shovel":2,"minecraft:furnace":1,"minecraft:stone":7,"minecraft:bone_meal":24,"minecraft:iron_axe":2,"minecraft:chest":1,"minecraft:stone_hoe":1,"minecraft:wheat":162,"minecraft:emerald":102,"minecraft:diamond_axe":2,"minecraft:crafting_table":7,"minecraft:smithing_table":1,"minecraft:fletching_table":6,"minecraft:bucket":1,"minecraft:birch_planks":580,"minecraft:stone_axe":14,"minecraft:bread":59,"minecraft:air":0,"minecraft:wooden_hoe":2,"minecraft:diamond_pickaxe":2,"minecraft:stick":3344,"minecraft:iron_ingot":19,"minecraft:white_bed":11,"minecraft:shears":1},"minecraft:broken":{"minecraft:shears":1,"minecraft:stone_axe":5,"minecraft:stone_shovel":2},"minecraft:picked_up":{"minecraft:crafting_table":1,"minecraft:wheat":9,"minecraft:chicken":8,"minecraft:cornflower":2,"minecraft:beetroot":1,"minecraft:cartography_table":1,"minecraft:beef":18,"minecraft:chest":2,"minecraft:birch_sapling":7,"minecraft:stick":44,"minecraft:raw_iron":2,"minecraft:composter":1,"minecraft:oak_fence":1,"minecraft:torch":1,"minecraft:porkchop":12,"minecraft:carrot":17,"minecraft:rotten_flesh":8,"minecraft:beetroot_seeds":6,"minecraft:shears":1,"minecraft:hay_block":18,"minecraft:mutton":24,"minecraft:white_wool":45,"minecraft:cobblestone":32,"minecraft:birch_log":98,"minecraft:birch_leaves":7,"minecraft:feather":14,"minecraft:leather":22,"minecraft:potato":43,"minecraft:flint":33,"minecraft:oak_log":411,"minecraft:yellow_bed":1,"minecraft:dirt":233,"minecraft:apple":6,"minecraft:wheat_seeds":75,"minecraft:bell":1,"minecraft:iron_ingot":57,"minecraft:stone_pickaxe":2,"minecraft:oak_planks":15,"minecraft:dandelion":3,"minecraft:gravel":244,"minecraft:white_bed":2,"minecraft:spider_eye":2,"minecraft:mossy_cobblestone":6,"minecraft:stone_axe":11,"minecraft:short_grass":6,"minecraft:gray_wool":3,"minecraft:bread":52,"minecraft:oak_sapling":55,"minecraft:oak_leaves":192},"minecraft:killed":{"minecraft:spider":1,"minecraft:chicken":8,"minecraft:pig":5,"minecraft:sheep":17,"minecraft:zombie":4,"minecraft:cow":9},"minecraft:custom":{"minecraft:mob_kills":46,"minecraft:interact_with_crafting_table":28,"minecraft:leave_game":8,"minecraft:time_since_death":107053,"minecraft:climb_one_cm":447,"minecraft:sprint_one_cm":607793,"minecraft:walk_one_cm":163095,"minecraft:drop":29,"minecraft:talked_to_villager":31,"minecraft:play_time":151554,"minecraft:deaths":1,"minecraft:sneak_time":3483,"minecraft:walk_under_water_one_cm":2263,"minecraft:jump":3724,"minecraft:walk_on_water_one_cm":14147,"minecraft:total_world_time":151554,"minecraft:interact_with_furnace":8,"minecraft:traded_with_villager":118,"minecraft:sleep_in_bed":11,"minecraft:time_since_rest":11719,"minecraft:damage_taken":1776,"minecraft:damage_dealt":4144,"minecraft:fly_one_cm":768464,"minecraft:swim_one_cm":12509,"minecraft:open_chest":58,"minecraft:crouch_one_cm":9417,"minecraft:fall_one_cm":103214},"minecraft:killed_by":{"minecraft:zombie":1},"minecraft:used":{"minecraft:oak_fence":1,"minecraft:stone_shovel":269,"minecraft:chest":2,"minecraft:stone_hoe":23,"minecraft:rotten_flesh":2,"minecraft:orange_bed":1,"minecraft:torch":1,"minecraft:dirt":104,"minecraft:mutton":3,"minecraft:jungle_planks":1,"minecraft:carrot":17,"minecraft:lava_bucket":10,"minecraft:beef":18,"minecraft:oak_sapling":2,"minecraft:furnace":1,"minecraft:beetroot_seeds":2,"minecraft:potato":51,"minecraft:water_bucket":3,"minecraft:birch_planks":3,"minecraft:birch_leaves":7,"minecraft:stone_pickaxe":20,"minecraft:oak_planks":4,"minecraft:fletching_table":2,"minecraft:oak_leaves":191,"minecraft:mossy_cobblestone":6,"minecraft:crafting_table":8,"minecraft:red_bed":1,"minecraft:white_bed":13,"minecraft:shears":231,"minecraft:oak_log":1,"minecraft:wooden_hoe":8,"minecraft:diamond_pickaxe":10,"minecraft:cornflower":1,"minecraft:apple":1,"minecraft:bread":36,"minecraft:chicken":8,"minecraft:gravel":107,"minecraft:stone_axe":609,"minecraft:cobblestone":19,"minecraft:porkchop":12,"minecraft:smithing_table":1,"minecraft:bucket":14,"minecraft:yellow_bed":3,"minecraft:dandelion":1,"minecraft:bone_meal":24}},"DataVersion":3953}