{"stats":{"minecraft:mined":{"minecraft:oak_sapling":2,"minecraft:mossy_cobblestone":5,"minecraft:jungle_leaves":3,"minecraft:crafting_table":1,"minecraft:cornflower":1,"minecraft:short_grass":40,"minecraft:grass_block":3,"minecraft:chest":1,"minecraft:cobblestone":12,"minecraft:cartography_table":1,"minecraft:hay_block":18,"minecraft:carrots":17,"minecraft:wheat":30,"minecraft:yellow_bed":1,"minecraft:bell":1,"minecraft:potatoes":6,"minecraft:oak_log":16,"minecraft:beetroots":2,"minecraft:vine":3,"minecraft:dirt":12,"minecraft:oak_leaves":68},"minecraft:dropped":{"minecraft:iron_ingot":4,"minecraft:bread":14,"minecraft:wheat_seeds":4,"minecraft:gray_wool":1,"minecraft:spider_eye":1,"minecraft:stone_pickaxe":1,"minecraft:white_wool":1},"minecraft:crafted":{"minecraft:oak_planks":60,"minecraft:crafting_table":4,"minecraft:bread":27,"minecraft:chest":1,"minecraft:white_bed":11,"minecraft:wheat":81},"minecraft:broken":{"minecraft:stone_axe":1},"minecraft:picked_up":{"minecraft:crafting_table":1,"minecraft:wheat":6,"minecraft:feather":14,"minecraft:chicken":8,"minecraft:leather":22,"minecraft:potato":6,"minecraft:oak_log":26,"minecraft:yellow_bed":1,"minecraft:cornflower":2,"minecraft:dirt":46,"minecraft:wheat_seeds":49,"minecraft:cartography_table":1,"minecraft:bell":1,"minecraft:beef":18,"minecraft:iron_ingot":4,"minecraft:stone_pickaxe":2,"minecraft:chest":2,"minecraft:oak_planks":15,"minecraft:dandelion":3,"minecraft:porkchop":12,"minecraft:carrot":17,"minecraft:spider_eye":2,"minecraft:mossy_cobblestone":6,"minecraft:rotten_flesh":6,"minecraft:beetroot_seeds":2,"minecraft:stone_axe":1,"minecraft:shears":1,"minecraft:hay_block":18,"minecraft:gray_wool":3,"minecraft:bread":52,"minecraft:oak_sapling":6,"minecraft:mutton":24,"minecraft:oak_leaves":52,"minecraft:cobblestone":13,"minecraft:white_wool":45},"minecraft:killed":{"minecraft:pig":5,"minecraft:spider":1,"minecraft:sheep":17,"minecraft:zombie":4,"minecraft:chicken":8,"minecraft:cow":9},"minecraft:custom":{"minecraft:mob_kills":44,"minecraft:interact_with_crafting_table":10,"minecraft:leave_game":7,"minecraft:time_since_death":19832,"minecraft:sleep_in_bed":2,"minecraft:climb_one_cm":447,"minecraft:time_since_rest":5180,"minecraft:sprint_one_cm":288034,"minecraft:damage_taken":1166,"minecraft:walk_one_cm":69062,"minecraft:drop":13,"minecraft:damage_dealt":4086,"minecraft:swim_one_cm":10504,"minecraft:fly_one_cm":489599,"minecraft:open_chest":11,"minecraft:crouch_one_cm":2060,"minecraft:play_time":64333,"minecraft:deaths":1,"minecraft:sneak_time":913,"minecraft:walk_under_water_one_cm":1888,"minecraft:jump":2274,"minecraft:walk_on_water_one_cm":7592,"minecraft:total_world_time":64333,"minecraft:fall_one_cm":67998},"minecraft:killed_by":{"minecraft:zombie":1},"minecraft:used":{"minecraft:stone_pickaxe":20,"minecraft:chest":2,"minecraft:oak_leaves":3,"minecraft:orange_bed":1,"minecraft:dirt":42,"minecraft:mutton":3,"minecraft:crafting_table":5,"minecraft:red_bed":1,"minecraft:white_bed":11,"minecraft:shears":54,"minecraft:oak_log":1,"minecraft:cornflower":1,"minecraft:chicken":8,"minecraft:bread":14,"minecraft:stone_axe":78,"minecraft:cobblestone":4,"minecraft:beef":18,"minecraft:oak_sapling":2,"minecraft:porkchop":12,"minecraft:beetroot_seeds":2,"minecraft:yellow_bed":3,"minecraft:dandelion":1}},"DataVersion":3953}