{"stats":{"minecraft:mined":{"minecraft:hay_block":9,"minecraft:jungle_leaves":3,"minecraft:cornflower":1,"minecraft:short_grass":31,"minecraft:grass_block":3,"minecraft:oak_log":16,"minecraft:vine":3,"minecraft:dirt":7,"minecraft:oak_leaves":14},"minecraft:dropped":{"minecraft:wheat_seeds":3},"minecraft:picked_up":{"minecraft:feather":7,"minecraft:chicken":8,"minecraft:leather":11,"minecraft:porkchop":12,"minecraft:oak_log":16,"minecraft:spider_eye":1,"minecraft:cornflower":1,"minecraft:dirt":37,"minecraft:stone_axe":1,"minecraft:wheat_seeds":4,"minecraft:hay_block":9,"minecraft:beef":18,"minecraft:stone_pickaxe":1,"minecraft:oak_sapling":2,"minecraft:mutton":16,"minecraft:white_wool":11},"minecraft:killed":{"minecraft:sheep":11,"minecraft:zombie":1,"minecraft:pig":5,"minecraft:chicken":8,"minecraft:spider":1,"minecraft:cow":9},"minecraft:custom":{"minecraft:time_since_rest":31564,"minecraft:sprint_one_cm":160020,"minecraft:damage_taken":516,"minecraft:walk_one_cm":30195,"minecraft:mob_kills":35,"minecraft:drop":3,"minecraft:damage_dealt":2960,"minecraft:swim_one_cm":8544,"minecraft:fly_one_cm":307315,"minecraft:crouch_one_cm":307,"minecraft:play_time":31564,"minecraft:sneak_time":166,"minecraft:walk_under_water_one_cm":1456,"minecraft:jump":1403,"minecraft:leave_game":2,"minecraft:time_since_death":31564,"minecraft:walk_on_water_one_cm":1593,"minecraft:total_world_time":31564,"minecraft:climb_one_cm":149,"minecraft:fall_one_cm":41448},"minecraft:used":{"minecraft:oak_log":1,"minecraft:chicken":8,"minecraft:stone_axe":65,"minecraft:dirt":27,"minecraft:mutton":3,"minecraft:beef":14,"minecraft:porkchop":12}},"DataVersion":3953}