{"stats":{"minecraft:mined":{"minecraft:nether_gold_ore":12,"minecraft:farmland":12,"minecraft:white_bed":8,"minecraft:oak_sapling":2,"minecraft:mossy_cobblestone":5,"minecraft:jungle_leaves":3,"minecraft:crimson_fence_gate":1,"minecraft:nether_bricks":4,"minecraft:crimson_trapdoor":4,"minecraft:grass_block":279,"minecraft:crimson_roots":4,"minecraft:weeping_vines":2,"minecraft:crimson_fungus":4,"minecraft:hopper":2,"minecraft:cartography_table":1,"minecraft:composter":1,"minecraft:crimson_stem":9,"minecraft:hay_block":18,"minecraft:oak_trapdoor":1,"minecraft:carrots":260,"minecraft:iron_ore":1,"minecraft:fire":9,"minecraft:bell":1,"minecraft:potatoes":17,"minecraft:cobblestone_slab":4,"minecraft:dirt_path":30,"minecraft:vine":3,"minecraft:stone":84,"minecraft:bone_block":86,"minecraft:soul_fire":2,"minecraft:basalt":4,"minecraft:dandelion":1,"minecraft:crafting_table":1,"minecraft:cornflower":1,"minecraft:short_grass":130,"minecraft:poppy":1,"minecraft:chest":8,"minecraft:cobblestone":53,"minecraft:tall_grass":27,"minecraft:wall_torch":3,"minecraft:birch_log":98,"minecraft:wheat":47,"minecraft:birch_leaves":13,"minecraft:warped_fungus":6,"minecraft:yellow_bed":1,"minecraft:oak_log":390,"minecraft:beetroots":3,"minecraft:gravel":159,"minecraft:dirt":185,"minecraft:netherrack":278,"minecraft:oak_leaves":309},"minecraft:dropped":{"minecraft:iron_ingot":10,"minecraft:bread":39,"minecraft:short_grass":6,"minecraft:diamond_axe":1,"minecraft:wheat_seeds":13,"minecraft:weeping_vines":1,"minecraft:iron_helmet":2,"minecraft:cobblestone":38,"minecraft:chainmail_helmet":32,"minecraft:stick":1,"minecraft:gray_wool":1,"minecraft:crimson_trapdoor":1,"minecraft:wooden_hoe":1,"minecraft:crimson_roots":2,"minecraft:iron_axe":1,"minecraft:string":2,"minecraft:white_wool":1,"minecraft:dandelion":2,"minecraft:stone_axe":10,"minecraft:golden_chestplate":2,"minecraft:stone_shovel":2,"minecraft:iron_boots":9,"minecraft:carrot":839,"minecraft:poppy":6,"minecraft:cobblestone_slab":1,"minecraft:diamond_pickaxe":1,"minecraft:chainmail_boots":12,"minecraft:spider_eye":3,"minecraft:stone_pickaxe":1},"minecraft:crafted":{"minecraft:cobblestone_slab":12,"minecraft:smooth_stone":7,"minecraft:oak_planks":3856,"minecraft:chainmail_helmet":17,"minecraft:stone_shovel":3,"minecraft:oak_sign":3,"minecraft:crimson_trapdoor":4,"minecraft:crimson_fence_gate":1,"minecraft:furnace":2,"minecraft:blast_furnace":1,"minecraft:stone":7,"minecraft:bone_meal":582,"minecraft:oak_trapdoor":2,"minecraft:flint_and_steel":1,"minecraft:hopper":1,"minecraft:diamond_helmet":1,"minecraft:diamond_leggings":1,"minecraft:iron_boots":9,"minecraft:iron_axe":2,"minecraft:chest":6,"minecraft:diamond_boots":1,"minecraft:birch_button":64,"minecraft:stone_hoe":2,"minecraft:wheat":162,"minecraft:crimson_planks":36,"minecraft:emerald":289,"minecraft:diamond_axe":2,"minecraft:crafting_table":10,"minecraft:iron_helmet":1,"minecraft:smithing_table":1,"minecraft:fletching_table":6,"minecraft:bucket":3,"minecraft:birch_planks":1564,"minecraft:stone_axe":14,"minecraft:bread":89,"minecraft:air":0,"minecraft:oak_fence_gate":1,"minecraft:oak_boat":3,"minecraft:wooden_hoe":2,"minecraft:diamond_pickaxe":2,"minecraft:stick":10276,"minecraft:iron_ingot":19,"minecraft:chainmail_boots":12,"minecraft:iron_block":3,"minecraft:iron_shovel":1,"minecraft:anvil":1,"minecraft:white_bed":11,"minecraft:shears":2,"minecraft:diamond_chestplate":1},"minecraft:broken":{"minecraft:shears":1,"minecraft:stone_axe":5,"minecraft:stone_shovel":2},"minecraft:picked_up":{"minecraft:crafting_table":1,"minecraft:wheat":9,"minecraft:chainmail_boots":12,"minecraft:chicken":8,"minecraft:crimson_trapdoor":5,"minecraft:crimson_planks":52,"minecraft:oak_trapdoor":1,"minecraft:cornflower":2,"minecraft:string":6,"minecraft:oak_sign":3,"minecraft:beetroot":1,"minecraft:diamond_leggings":1,"minecraft:cartography_table":1,"minecraft:gold_nugget":44,"minecraft:bucket":1,"minecraft:beef":19,"minecraft:oak_boat":26,"minecraft:cobblestone_slab":5,"minecraft:poppy":10,"minecraft:chest":9,"minecraft:birch_sapling":7,"minecraft:egg":1,"minecraft:iron_boots":9,"minecraft:stick":173,"minecraft:raw_iron":2,"minecraft:composter":1,"minecraft:oak_fence":1,"minecraft:torch":4,"minecraft:porkchop":12,"minecraft:carrot":1120,"minecraft:golden_chestplate":3,"minecraft:diamond_chestplate":2,"minecraft:weeping_vines":1,"minecraft:stone_shovel":2,"minecraft:arrow":6,"minecraft:rotten_flesh":29,"minecraft:beetroot_seeds":6,"minecraft:shears":3,"minecraft:diamond_boots":2,"minecraft:hay_block":18,"minecraft:gold_ingot":6,"minecraft:mutton":24,"minecraft:cobblestone":138,"minecraft:white_wool":48,"minecraft:bone_block":128,"minecraft:birch_log":270,"minecraft:birch_leaves":7,"minecraft:feather":14,"minecraft:basalt":4,"minecraft:water_bucket":2,"minecraft:crimson_stem":9,"minecraft:leather":24,"minecraft:potato":43,"minecraft:flint":35,"minecraft:crimson_fungus":4,"minecraft:oak_log":732,"minecraft:yellow_bed":1,"minecraft:gunpowder":7,"minecraft:dirt":563,"minecraft:name_tag":1,"minecraft:cooked_mutton":5,"minecraft:bone":36,"minecraft:apple":6,"minecraft:bow":3,"minecraft:crimson_fence_gate":1,"minecraft:wheat_seeds":85,"minecraft:bell":1,"minecraft:iron_ingot":146,"minecraft:stone_pickaxe":2,"minecraft:diamond_helmet":1,"minecraft:oak_planks":15,"minecraft:warped_fungus":18,"minecraft:dandelion":11,"minecraft:poisonous_potato":2,"minecraft:gravel":361,"minecraft:white_bed":8,"minecraft:spider_eye":4,"minecraft:mossy_cobblestone":7,"minecraft:stone_axe":12,"minecraft:short_grass":6,"minecraft:iron_helmet":2,"minecraft:diamond_axe":1,"minecraft:gray_wool":3,"minecraft:bread":98,"minecraft:chainmail_helmet":31,"minecraft:coal":8,"minecraft:crimson_roots":2,"minecraft:oak_sapling":55,"minecraft:netherrack":321,"minecraft:oak_leaves":205,"minecraft:hopper":2,"minecraft:diamond_pickaxe":2},"minecraft:killed":{"minecraft:spider":3,"minecraft:skeleton":7,"minecraft:chicken":8,"minecraft:pig":5,"minecraft:iron_golem":11,"minecraft:creeper":1,"minecraft:sheep":20,"minecraft:zombie":15,"minecraft:cow":10},"minecraft:custom":{"minecraft:interact_with_anvil":1,"minecraft:mob_kills":88,"minecraft:inspect_hopper":1,"minecraft:interact_with_crafting_table":50,"minecraft:leave_game":9,"minecraft:time_since_death":42148,"minecraft:climb_one_cm":447,"minecraft:sprint_one_cm":1134184,"minecraft:walk_one_cm":424235,"minecraft:drop":140,"minecraft:talked_to_villager":118,"minecraft:play_time":349557,"minecraft:deaths":4,"minecraft:sneak_time":16105,"minecraft:walk_under_water_one_cm":2263,"minecraft:boat_one_cm":195914,"minecraft:jump":7244,"minecraft:walk_on_water_one_cm":32715,"minecraft:total_world_time":349557,"minecraft:interact_with_furnace":10,"minecraft:traded_with_villager":353,"minecraft:sleep_in_bed":19,"minecraft:time_since_rest":42175,"minecraft:damage_taken":5309,"minecraft:damage_dealt":19389,"minecraft:fly_one_cm":1397972,"minecraft:swim_one_cm":12509,"minecraft:open_chest":133,"minecraft:crouch_one_cm":47918,"minecraft:fall_one_cm":201798},"minecraft:killed_by":{"minecraft:creeper":1,"minecraft:zombie":3},"minecraft:used":{"minecraft:oak_trapdoor":3,"minecraft:oak_fence":1,"minecraft:iron_shovel":139,"minecraft:flint_and_steel":7,"minecraft:stone_shovel":429,"minecraft:bone_block":3,"minecraft:oak_sign":7,"minecraft:chest":13,"minecraft:bell":1,"minecraft:stone_hoe":31,"minecraft:rotten_flesh":14,"minecraft:netherrack":268,"minecraft:orange_bed":1,"minecraft:torch":4,"minecraft:anvil":1,"minecraft:dirt":424,"minecraft:mutton":3,"minecraft:hopper":3,"minecraft:jungle_planks":1,"minecraft:carrot":260,"minecraft:oak_fence_gate":1,"minecraft:lava_bucket":13,"minecraft:iron_helmet":1,"minecraft:iron_boots":1,"minecraft:diamond_chestplate":1,"minecraft:golden_carrot":8,"minecraft:beef":18,"minecraft:furnace":1,"minecraft:oak_sapling":2,"minecraft:beetroot_seeds":2,"minecraft:potato":51,"minecraft:cooked_mutton":2,"minecraft:water_bucket":18,"minecraft:diamond_boots":2,"minecraft:birch_planks":3,"minecraft:birch_leaves":7,"minecraft:stone_pickaxe":20,"minecraft:oak_planks":4,"minecraft:cobblestone_slab":11,"minecraft:fletching_table":4,"minecraft:diamond_axe":191,"minecraft:oak_leaves":204,"minecraft:mossy_cobblestone":6,"minecraft:crimson_trapdoor":7,"minecraft:crafting_table":11,"minecraft:red_bed":1,"minecraft:blast_furnace":1,"minecraft:white_bed":19,"minecraft:shears":244,"minecraft:crimson_fence_gate":2,"minecraft:oak_log":2,"minecraft:wooden_hoe":71,"minecraft:diamond_pickaxe":539,"minecraft:cornflower":1,"minecraft:apple":1,"minecraft:bread":83,"minecraft:chicken":8,"minecraft:gravel":199,"minecraft:stone_axe":609,"minecraft:cobblestone":104,"minecraft:chainmail_boots":1,"minecraft:porkchop":12,"minecraft:smithing_table":1,"minecraft:poisonous_potato":1,"minecraft:bucket":32,"minecraft:yellow_bed":3,"minecraft:oak_boat":24,"minecraft:dandelion":1,"minecraft:bone_meal":582}},"DataVersion":3953}