{"stats":{"minecraft:mined":{"minecraft:nether_gold_ore":12,"minecraft:farmland":4,"minecraft:white_bed":8,"minecraft:oak_sapling":2,"minecraft:mossy_cobblestone":5,"minecraft:jungle_leaves":3,"minecraft:grass_block":263,"minecraft:hopper":1,"minecraft:cartography_table":1,"minecraft:composter":1,"minecraft:hay_block":18,"minecraft:carrots":260,"minecraft:fire":8,"minecraft:bell":1,"minecraft:potatoes":17,"minecraft:cobblestone_slab":2,"minecraft:dirt_path":30,"minecraft:vine":3,"minecraft:stone":78,"minecraft:bone_block":62,"minecraft:soul_fire":1,"minecraft:dandelion":1,"minecraft:crafting_table":1,"minecraft:cornflower":1,"minecraft:short_grass":128,"minecraft:poppy":1,"minecraft:chest":1,"minecraft:cobblestone":46,"minecraft:tall_grass":26,"minecraft:wall_torch":3,"minecraft:birch_log":98,"minecraft:wheat":47,"minecraft:birch_leaves":13,"minecraft:yellow_bed":1,"minecraft:oak_log":390,"minecraft:beetroots":3,"minecraft:gravel":150,"minecraft:dirt":164,"minecraft:netherrack":87,"minecraft:oak_leaves":307},"minecraft:dropped":{"minecraft:iron_ingot":4,"minecraft:bread":39,"minecraft:short_grass":6,"minecraft:diamond_axe":1,"minecraft:wheat_seeds":13,"minecraft:iron_helmet":2,"minecraft:cobblestone":38,"minecraft:chainmail_helmet":27,"minecraft:gray_wool":1,"minecraft:iron_axe":1,"minecraft:white_wool":1,"minecraft:dandelion":2,"minecraft:stone_axe":10,"minecraft:stone_shovel":2,"minecraft:iron_boots":9,"minecraft:carrot":839,"minecraft:diamond_pickaxe":1,"minecraft:chainmail_boots":12,"minecraft:spider_eye":2,"minecraft:stone_pickaxe":1},"minecraft:crafted":{"minecraft:cobblestone_slab":6,"minecraft:smooth_stone":7,"minecraft:oak_planks":3856,"minecraft:chainmail_helmet":17,"minecraft:stone_shovel":3,"minecraft:oak_sign":3,"minecraft:furnace":2,"minecraft:blast_furnace":1,"minecraft:stone":7,"minecraft:bone_meal":582,"minecraft:oak_trapdoor":2,"minecraft:flint_and_steel":1,"minecraft:hopper":1,"minecraft:diamond_helmet":1,"minecraft:diamond_leggings":1,"minecraft:iron_boots":9,"minecraft:iron_axe":2,"minecraft:chest":4,"minecraft:diamond_boots":1,"minecraft:birch_button":64,"minecraft:stone_hoe":1,"minecraft:wheat":162,"minecraft:emerald":289,"minecraft:diamond_axe":2,"minecraft:crafting_table":10,"minecraft:iron_helmet":1,"minecraft:smithing_table":1,"minecraft:fletching_table":6,"minecraft:bucket":3,"minecraft:birch_planks":1564,"minecraft:stone_axe":14,"minecraft:bread":59,"minecraft:air":0,"minecraft:oak_fence_gate":1,"minecraft:oak_boat":3,"minecraft:wooden_hoe":2,"minecraft:diamond_pickaxe":2,"minecraft:stick":10268,"minecraft:iron_ingot":19,"minecraft:chainmail_boots":12,"minecraft:iron_block":3,"minecraft:iron_shovel":1,"minecraft:anvil":1,"minecraft:white_bed":11,"minecraft:shears":2,"minecraft:diamond_chestplate":1},"minecraft:broken":{"minecraft:shears":1,"minecraft:stone_axe":5,"minecraft:stone_shovel":2},"minecraft:picked_up":{"minecraft:crafting_table":1,"minecraft:wheat":9,"minecraft:chainmail_boots":12,"minecraft:chicken":8,"minecraft:cornflower":2,"minecraft:string":1,"minecraft:beetroot":1,"minecraft:cartography_table":1,"minecraft:gold_nugget":44,"minecraft:beef":19,"minecraft:oak_boat":23,"minecraft:cobblestone_slab":2,"minecraft:poppy":4,"minecraft:chest":2,"minecraft:birch_sapling":7,"minecraft:egg":1,"minecraft:iron_boots":9,"minecraft:stick":172,"minecraft:raw_iron":2,"minecraft:composter":1,"minecraft:oak_fence":1,"minecraft:torch":4,"minecraft:porkchop":12,"minecraft:carrot":1120,"minecraft:stone_shovel":1,"minecraft:arrow":3,"minecraft:rotten_flesh":20,"minecraft:beetroot_seeds":6,"minecraft:shears":1,"minecraft:hay_block":18,"minecraft:mutton":24,"minecraft:cobblestone":131,"minecraft:white_wool":48,"minecraft:bone_block":62,"minecraft:birch_log":270,"minecraft:birch_leaves":7,"minecraft:feather":14,"minecraft:leather":24,"minecraft:potato":43,"minecraft:flint":33,"minecraft:oak_log":732,"minecraft:yellow_bed":1,"minecraft:gunpowder":2,"minecraft:dirt":516,"minecraft:cooked_mutton":5,"minecraft:bone":4,"minecraft:apple":6,"minecraft:bow":1,"minecraft:wheat_seeds":84,"minecraft:bell":1,"minecraft:iron_ingot":83,"minecraft:stone_pickaxe":2,"minecraft:oak_planks":15,"minecraft:dandelion":7,"minecraft:poisonous_potato":2,"minecraft:gravel":259,"minecraft:white_bed":8,"minecraft:spider_eye":3,"minecraft:mossy_cobblestone":6,"minecraft:stone_axe":11,"minecraft:short_grass":6,"minecraft:iron_helmet":2,"minecraft:gray_wool":3,"minecraft:bread":52,"minecraft:chainmail_helmet":27,"minecraft:oak_sapling":55,"minecraft:netherrack":86,"minecraft:oak_leaves":205,"minecraft:hopper":1},"minecraft:killed":{"minecraft:spider":2,"minecraft:skeleton":3,"minecraft:chicken":8,"minecraft:pig":5,"minecraft:iron_golem":6,"minecraft:creeper":1,"minecraft:sheep":20,"minecraft:zombie":11,"minecraft:cow":10},"minecraft:custom":{"minecraft:interact_with_anvil":1,"minecraft:mob_kills":70,"minecraft:interact_with_crafting_table":43,"minecraft:leave_game":9,"minecraft:time_since_death":233056,"minecraft:climb_one_cm":447,"minecraft:sprint_one_cm":938670,"minecraft:walk_one_cm":336139,"minecraft:drop":116,"minecraft:talked_to_villager":117,"minecraft:play_time":277557,"minecraft:deaths":1,"minecraft:sneak_time":7847,"minecraft:walk_under_water_one_cm":2263,"minecraft:boat_one_cm":195914,"minecraft:jump":5495,"minecraft:walk_on_water_one_cm":22203,"minecraft:total_world_time":277557,"minecraft:interact_with_furnace":10,"minecraft:traded_with_villager":348,"minecraft:sleep_in_bed":18,"minecraft:time_since_rest":43608,"minecraft:damage_taken":2770,"minecraft:damage_dealt":11007,"minecraft:fly_one_cm":1117031,"minecraft:swim_one_cm":12509,"minecraft:open_chest":118,"minecraft:crouch_one_cm":19642,"minecraft:fall_one_cm":150820},"minecraft:killed_by":{"minecraft:zombie":1},"minecraft:used":{"minecraft:oak_trapdoor":2,"minecraft:oak_fence":1,"minecraft:iron_shovel":139,"minecraft:flint_and_steel":7,"minecraft:stone_shovel":410,"minecraft:oak_sign":3,"minecraft:chest":4,"minecraft:bell":1,"minecraft:stone_hoe":23,"minecraft:rotten_flesh":13,"minecraft:netherrack":81,"minecraft:orange_bed":1,"minecraft:torch":4,"minecraft:anvil":1,"minecraft:dirt":249,"minecraft:mutton":3,"minecraft:hopper":2,"minecraft:jungle_planks":1,"minecraft:carrot":260,"minecraft:oak_fence_gate":1,"minecraft:lava_bucket":11,"minecraft:iron_helmet":1,"minecraft:iron_boots":1,"minecraft:beef":18,"minecraft:furnace":1,"minecraft:oak_sapling":2,"minecraft:beetroot_seeds":2,"minecraft:potato":51,"minecraft:cooked_mutton":2,"minecraft:water_bucket":10,"minecraft:diamond_boots":1,"minecraft:birch_planks":3,"minecraft:birch_leaves":7,"minecraft:stone_pickaxe":20,"minecraft:oak_planks":4,"minecraft:cobblestone_slab":4,"minecraft:fletching_table":4,"minecraft:diamond_axe":82,"minecraft:oak_leaves":204,"minecraft:mossy_cobblestone":6,"minecraft:crafting_table":11,"minecraft:red_bed":1,"minecraft:blast_furnace":1,"minecraft:white_bed":19,"minecraft:shears":244,"minecraft:oak_log":2,"minecraft:wooden_hoe":71,"minecraft:diamond_pickaxe":296,"minecraft:cornflower":1,"minecraft:apple":1,"minecraft:bread":60,"minecraft:chicken":8,"minecraft:gravel":116,"minecraft:stone_axe":609,"minecraft:cobblestone":100,"minecraft:chainmail_boots":1,"minecraft:porkchop":12,"minecraft:smithing_table":1,"minecraft:bucket":22,"minecraft:yellow_bed":3,"minecraft:oak_boat":24,"minecraft:dandelion":1,"minecraft:bone_meal":582}},"DataVersion":3953}