{"stats":{"minecraft:mined":{"minecraft:nether_gold_ore":12,"minecraft:white_bed":2,"minecraft:oak_sapling":2,"minecraft:farmland":4,"minecraft:mossy_cobblestone":5,"minecraft:jungle_leaves":3,"minecraft:grass_block":121,"minecraft:composter":1,"minecraft:cartography_table":1,"minecraft:hay_block":18,"minecraft:carrots":260,"minecraft:fire":7,"minecraft:bell":1,"minecraft:potatoes":17,"minecraft:vine":3,"minecraft:dirt_path":30,"minecraft:stone":10,"minecraft:bone_block":62,"minecraft:soul_fire":1,"minecraft:crafting_table":1,"minecraft:cornflower":1,"minecraft:short_grass":67,"minecraft:chest":1,"minecraft:cobblestone":13,"minecraft:tall_grass":11,"minecraft:birch_log":98,"minecraft:wheat":47,"minecraft:birch_leaves":13,"minecraft:yellow_bed":1,"minecraft:oak_log":390,"minecraft:beetroots":3,"minecraft:gravel":132,"minecraft:dirt":63,"minecraft:netherrack":80,"minecraft:oak_leaves":291},"minecraft:dropped":{"minecraft:iron_ingot":4,"minecraft:bread":39,"minecraft:short_grass":6,"minecraft:wheat_seeds":5,"minecraft:diamond_axe":1,"minecraft:iron_helmet":1,"minecraft:cobblestone":18,"minecraft:chainmail_helmet":12,"minecraft:gray_wool":1,"minecraft:iron_axe":1,"minecraft:white_wool":1,"minecraft:stone_axe":10,"minecraft:iron_boots":9,"minecraft:carrot":839,"minecraft:diamond_pickaxe":1,"minecraft:chainmail_boots":12,"minecraft:spider_eye":1,"minecraft:stone_pickaxe":1},"minecraft:crafted":{"minecraft:chainmail_helmet":12,"minecraft:smooth_stone":7,"minecraft:oak_planks":3856,"minecraft:stone_shovel":2,"minecraft:furnace":2,"minecraft:blast_furnace":1,"minecraft:stone":7,"minecraft:bone_meal":582,"minecraft:flint_and_steel":1,"minecraft:iron_boots":9,"minecraft:iron_axe":2,"minecraft:chest":3,"minecraft:diamond_boots":1,"minecraft:birch_button":64,"minecraft:stone_hoe":1,"minecraft:wheat":162,"minecraft:emerald":225,"minecraft:diamond_axe":2,"minecraft:crafting_table":7,"minecraft:iron_helmet":1,"minecraft:smithing_table":1,"minecraft:fletching_table":6,"minecraft:bucket":1,"minecraft:birch_planks":1564,"minecraft:stone_axe":14,"minecraft:bread":59,"minecraft:air":0,"minecraft:wooden_hoe":2,"minecraft:diamond_pickaxe":2,"minecraft:stick":10256,"minecraft:chainmail_boots":12,"minecraft:iron_ingot":19,"minecraft:white_bed":11,"minecraft:shears":1},"minecraft:broken":{"minecraft:shears":1,"minecraft:stone_axe":5,"minecraft:stone_shovel":2},"minecraft:picked_up":{"minecraft:crafting_table":1,"minecraft:wheat":9,"minecraft:chainmail_boots":12,"minecraft:chicken":8,"minecraft:cornflower":2,"minecraft:beetroot":1,"minecraft:cartography_table":1,"minecraft:gold_nugget":44,"minecraft:beef":19,"minecraft:chest":2,"minecraft:birch_sapling":7,"minecraft:iron_boots":9,"minecraft:stick":172,"minecraft:raw_iron":2,"minecraft:composter":1,"minecraft:oak_fence":1,"minecraft:torch":1,"minecraft:porkchop":12,"minecraft:carrot":1120,"minecraft:arrow":2,"minecraft:rotten_flesh":8,"minecraft:beetroot_seeds":6,"minecraft:shears":1,"minecraft:hay_block":18,"minecraft:mutton":24,"minecraft:bone_block":62,"minecraft:white_wool":48,"minecraft:cobblestone":33,"minecraft:birch_log":270,"minecraft:birch_leaves":7,"minecraft:feather":14,"minecraft:leather":24,"minecraft:potato":43,"minecraft:flint":33,"minecraft:oak_log":732,"minecraft:yellow_bed":1,"minecraft:dirt":246,"minecraft:cooked_mutton":5,"minecraft:apple":6,"minecraft:wheat_seeds":75,"minecraft:bell":1,"minecraft:iron_ingot":57,"minecraft:stone_pickaxe":2,"minecraft:oak_planks":15,"minecraft:poisonous_potato":1,"minecraft:dandelion":3,"minecraft:gravel":244,"minecraft:white_bed":2,"minecraft:spider_eye":2,"minecraft:mossy_cobblestone":6,"minecraft:stone_axe":11,"minecraft:short_grass":6,"minecraft:iron_helmet":1,"minecraft:gray_wool":3,"minecraft:chainmail_helmet":10,"minecraft:bread":52,"minecraft:oak_sapling":55,"minecraft:netherrack":79,"minecraft:oak_leaves":192},"minecraft:killed":{"minecraft:spider":1,"minecraft:skeleton":1,"minecraft:chicken":8,"minecraft:pig":5,"minecraft:sheep":20,"minecraft:zombie":4,"minecraft:cow":10},"minecraft:custom":{"minecraft:mob_kills":52,"minecraft:interact_with_crafting_table":32,"minecraft:leave_game":8,"minecraft:time_since_death":173053,"minecraft:climb_one_cm":447,"minecraft:sprint_one_cm":730897,"minecraft:walk_one_cm":220329,"minecraft:drop":83,"minecraft:talked_to_villager":76,"minecraft:play_time":217554,"minecraft:deaths":1,"minecraft:sneak_time":5049,"minecraft:walk_under_water_one_cm":2263,"minecraft:jump":4351,"minecraft:walk_on_water_one_cm":14419,"minecraft:total_world_time":217554,"minecraft:interact_with_furnace":10,"minecraft:traded_with_villager":276,"minecraft:sleep_in_bed":17,"minecraft:time_since_rest":2521,"minecraft:damage_taken":2325,"minecraft:damage_dealt":4560,"minecraft:fly_one_cm":898755,"minecraft:swim_one_cm":12509,"minecraft:open_chest":92,"minecraft:crouch_one_cm":14622,"minecraft:fall_one_cm":124499},"minecraft:killed_by":{"minecraft:zombie":1},"minecraft:used":{"minecraft:oak_fence":1,"minecraft:flint_and_steel":7,"minecraft:stone_shovel":269,"minecraft:chest":4,"minecraft:bell":1,"minecraft:stone_hoe":23,"minecraft:rotten_flesh":2,"minecraft:netherrack":75,"minecraft:orange_bed":1,"minecraft:torch":1,"minecraft:dirt":117,"minecraft:mutton":3,"minecraft:jungle_planks":1,"minecraft:carrot":260,"minecraft:lava_bucket":10,"minecraft:iron_helmet":1,"minecraft:iron_boots":1,"minecraft:beef":18,"minecraft:oak_sapling":2,"minecraft:furnace":1,"minecraft:beetroot_seeds":2,"minecraft:potato":51,"minecraft:cooked_mutton":1,"minecraft:water_bucket":4,"minecraft:diamond_boots":1,"minecraft:birch_planks":3,"minecraft:birch_leaves":7,"minecraft:stone_pickaxe":20,"minecraft:oak_planks":4,"minecraft:diamond_axe":13,"minecraft:fletching_table":2,"minecraft:oak_leaves":191,"minecraft:mossy_cobblestone":6,"minecraft:crafting_table":8,"minecraft:red_bed":1,"minecraft:blast_furnace":1,"minecraft:white_bed":13,"minecraft:shears":231,"minecraft:oak_log":2,"minecraft:wooden_hoe":63,"minecraft:diamond_pickaxe":166,"minecraft:cornflower":1,"minecraft:apple":1,"minecraft:bread":51,"minecraft:chicken":8,"minecraft:gravel":107,"minecraft:stone_axe":609,"minecraft:cobblestone":30,"minecraft:chainmail_boots":1,"minecraft:porkchop":12,"minecraft:smithing_table":1,"minecraft:bucket":14,"minecraft:yellow_bed":3,"minecraft:dandelion":1,"minecraft:bone_meal":582}},"DataVersion":3953}