{"stats":{"minecraft:mined":{"minecraft:nether_gold_ore":12,"minecraft:white_bed":2,"minecraft:oak_sapling":2,"minecraft:farmland":4,"minecraft:mossy_cobblestone":5,"minecraft:jungle_leaves":3,"minecraft:grass_block":119,"minecraft:composter":1,"minecraft:cartography_table":1,"minecraft:hay_block":18,"minecraft:carrots":197,"minecraft:fire":7,"minecraft:bell":1,"minecraft:potatoes":17,"minecraft:vine":3,"minecraft:dirt_path":30,"minecraft:stone":10,"minecraft:bone_block":62,"minecraft:soul_fire":1,"minecraft:crafting_table":1,"minecraft:cornflower":1,"minecraft:short_grass":67,"minecraft:chest":1,"minecraft:cobblestone":13,"minecraft:tall_grass":11,"minecraft:birch_log":98,"minecraft:wheat":47,"minecraft:birch_leaves":13,"minecraft:yellow_bed":1,"minecraft:oak_log":389,"minecraft:beetroots":3,"minecraft:gravel":132,"minecraft:dirt":61,"minecraft:netherrack":80,"minecraft:oak_leaves":291},"minecraft:dropped":{"minecraft:iron_ingot":4,"minecraft:bread":39,"minecraft:short_grass":6,"minecraft:wheat_seeds":5,"minecraft:diamond_axe":1,"minecraft:cobblestone":18,"minecraft:gray_wool":1,"minecraft:iron_axe":1,"minecraft:white_wool":1,"minecraft:stone_axe":10,"minecraft:diamond_pickaxe":1,"minecraft:spider_eye":1,"minecraft:stone_pickaxe":1},"minecraft:crafted":{"minecraft:smooth_stone":7,"minecraft:oak_planks":1808,"minecraft:stone_shovel":2,"minecraft:furnace":2,"minecraft:blast_furnace":1,"minecraft:stone":7,"minecraft:bone_meal":582,"minecraft:flint_and_steel":1,"minecraft:iron_axe":2,"minecraft:chest":3,"minecraft:stone_hoe":1,"minecraft:wheat":162,"minecraft:emerald":102,"minecraft:diamond_axe":2,"minecraft:crafting_table":7,"minecraft:smithing_table":1,"minecraft:fletching_table":6,"minecraft:bucket":1,"minecraft:birch_planks":580,"minecraft:stone_axe":14,"minecraft:bread":59,"minecraft:air":0,"minecraft:wooden_hoe":2,"minecraft:diamond_pickaxe":2,"minecraft:stick":3344,"minecraft:iron_ingot":19,"minecraft:white_bed":11,"minecraft:shears":1},"minecraft:broken":{"minecraft:shears":1,"minecraft:stone_axe":5,"minecraft:stone_shovel":2},"minecraft:picked_up":{"minecraft:crafting_table":1,"minecraft:wheat":9,"minecraft:chicken":8,"minecraft:cornflower":2,"minecraft:beetroot":1,"minecraft:cartography_table":1,"minecraft:gold_nugget":44,"minecraft:beef":19,"minecraft:chest":2,"minecraft:birch_sapling":7,"minecraft:stick":44,"minecraft:raw_iron":2,"minecraft:composter":1,"minecraft:oak_fence":1,"minecraft:torch":1,"minecraft:porkchop":12,"minecraft:carrot":668,"minecraft:arrow":2,"minecraft:rotten_flesh":8,"minecraft:beetroot_seeds":6,"minecraft:shears":1,"minecraft:hay_block":18,"minecraft:mutton":24,"minecraft:bone_block":62,"minecraft:white_wool":48,"minecraft:cobblestone":33,"minecraft:birch_log":270,"minecraft:birch_leaves":7,"minecraft:feather":14,"minecraft:leather":24,"minecraft:potato":43,"minecraft:flint":33,"minecraft:oak_log":731,"minecraft:yellow_bed":1,"minecraft:dirt":242,"minecraft:cooked_mutton":5,"minecraft:apple":6,"minecraft:wheat_seeds":75,"minecraft:bell":1,"minecraft:iron_ingot":57,"minecraft:stone_pickaxe":2,"minecraft:oak_planks":15,"minecraft:dandelion":3,"minecraft:gravel":244,"minecraft:white_bed":2,"minecraft:spider_eye":2,"minecraft:mossy_cobblestone":6,"minecraft:stone_axe":11,"minecraft:short_grass":6,"minecraft:gray_wool":3,"minecraft:bread":52,"minecraft:oak_sapling":55,"minecraft:netherrack":79,"minecraft:oak_leaves":192},"minecraft:killed":{"minecraft:spider":1,"minecraft:skeleton":1,"minecraft:chicken":8,"minecraft:pig":5,"minecraft:sheep":20,"minecraft:zombie":4,"minecraft:cow":10},"minecraft:custom":{"minecraft:mob_kills":52,"minecraft:interact_with_crafting_table":31,"minecraft:leave_game":8,"minecraft:time_since_death":131053,"minecraft:climb_one_cm":447,"minecraft:sprint_one_cm":690317,"minecraft:walk_one_cm":195140,"minecraft:drop":31,"minecraft:talked_to_villager":32,"minecraft:play_time":175554,"minecraft:deaths":1,"minecraft:sneak_time":4953,"minecraft:walk_under_water_one_cm":2263,"minecraft:jump":4285,"minecraft:walk_on_water_one_cm":14147,"minecraft:total_world_time":175554,"minecraft:interact_with_furnace":10,"minecraft:traded_with_villager":118,"minecraft:sleep_in_bed":14,"minecraft:time_since_rest":6208,"minecraft:damage_taken":2325,"minecraft:damage_dealt":4560,"minecraft:fly_one_cm":890102,"minecraft:swim_one_cm":12509,"minecraft:open_chest":68,"minecraft:crouch_one_cm":14551,"minecraft:fall_one_cm":123814},"minecraft:killed_by":{"minecraft:zombie":1},"minecraft:used":{"minecraft:oak_fence":1,"minecraft:flint_and_steel":7,"minecraft:stone_shovel":269,"minecraft:chest":4,"minecraft:stone_hoe":23,"minecraft:rotten_flesh":2,"minecraft:netherrack":75,"minecraft:orange_bed":1,"minecraft:torch":1,"minecraft:dirt":113,"minecraft:mutton":3,"minecraft:jungle_planks":1,"minecraft:carrot":201,"minecraft:lava_bucket":10,"minecraft:beef":18,"minecraft:oak_sapling":2,"minecraft:furnace":1,"minecraft:beetroot_seeds":2,"minecraft:potato":51,"minecraft:water_bucket":4,"minecraft:birch_planks":3,"minecraft:birch_leaves":7,"minecraft:stone_pickaxe":20,"minecraft:oak_planks":4,"minecraft:diamond_axe":12,"minecraft:fletching_table":2,"minecraft:oak_leaves":191,"minecraft:mossy_cobblestone":6,"minecraft:crafting_table":8,"minecraft:red_bed":1,"minecraft:blast_furnace":1,"minecraft:white_bed":13,"minecraft:shears":231,"minecraft:oak_log":1,"minecraft:wooden_hoe":63,"minecraft:diamond_pickaxe":166,"minecraft:cornflower":1,"minecraft:apple":1,"minecraft:bread":51,"minecraft:chicken":8,"minecraft:gravel":107,"minecraft:stone_axe":609,"minecraft:cobblestone":30,"minecraft:porkchop":12,"minecraft:smithing_table":1,"minecraft:bucket":14,"minecraft:yellow_bed":3,"minecraft:dandelion":1,"minecraft:bone_meal":454}},"DataVersion":3953}