{"stats":{"minecraft:mined":{"minecraft:short_grass":1,"minecraft:tall_grass":1},"minecraft:custom":{"minecraft:jump":37,"minecraft:time_since_rest":2627,"minecraft:leave_game":1,"minecraft:sprint_one_cm":4460,"minecraft:play_time":2627,"minecraft:time_since_death":2627,"minecraft:walk_one_cm":1972,"minecraft:sneak_time":5,"minecraft:total_world_time":2627,"minecraft:fly_one_cm":33032},"minecraft:picked_up":{"minecraft:wheat_seeds":1},"minecraft:used":{"minecraft:redstone_block":1,"minecraft:tnt":32}},"DataVersion":3953}