{"stats":{"minecraft:mined":{"minecraft:fire":2,"minecraft:pumpkin":10,"minecraft:crafting_table":1,"minecraft:short_grass":79,"minecraft:grass_block":4,"minecraft:oak_log":29,"minecraft:dirt":9,"minecraft:tall_grass":16,"minecraft:stone":30,"minecraft:oak_leaves":8},"minecraft:dropped":{"minecraft:stone_axe":2,"minecraft:stone_sword":3,"minecraft:stone_pickaxe":3},"minecraft:crafted":{"minecraft:oak_planks":36,"minecraft:crafting_table":1,"minecraft:stick":20,"minecraft:wooden_pickaxe":1,"minecraft:stone_pickaxe":3,"minecraft:stone_sword":3,"minecraft:stone_axe":4},"minecraft:picked_up":{"minecraft:crafting_table":1,"minecraft:feather":3,"minecraft:chicken":6,"minecraft:pumpkin":10,"minecraft:leather":5,"minecraft:porkchop":25,"minecraft:oak_log":29,"minecraft:dirt":13,"minecraft:stone_sword":1,"minecraft:wheat_seeds":12,"minecraft:beef":5,"minecraft:gray_wool":1,"minecraft:mutton":9,"minecraft:white_wool":5,"minecraft:cobblestone":30},"minecraft:killed":{"minecraft:sheep":4,"minecraft:pig":11,"minecraft:chicken":6,"minecraft:cow":3},"minecraft:custom":{"minecraft:time_since_rest":17964,"minecraft:sprint_one_cm":82812,"minecraft:walk_one_cm":42829,"minecraft:damage_taken":350,"minecraft:mob_kills":24,"minecraft:drop":8,"minecraft:damage_dealt":2060,"minecraft:swim_one_cm":3277,"minecraft:interact_with_crafting_table":4,"minecraft:fly_one_cm":121633,"minecraft:play_time":17964,"minecraft:sneak_time":3,"minecraft:walk_under_water_one_cm":21,"minecraft:jump":586,"minecraft:time_since_death":17964,"minecraft:walk_on_water_one_cm":718,"minecraft:climb_one_cm":80,"minecraft:total_world_time":17964,"minecraft:fall_one_cm":23304},"minecraft:used":{"minecraft:stone_sword":72,"minecraft:wooden_pickaxe":31,"minecraft:stone_axe":35,"minecraft:mutton":5,"minecraft:beef":5,"minecraft:crafting_table":1,"minecraft:porkchop":10}},"DataVersion":3953}