{"stats":{"minecraft:mined":{"minecraft:dandelion":3,"minecraft:crafting_table":2,"minecraft:cornflower":1,"minecraft:short_grass":277,"minecraft:grass_block":6,"minecraft:melon":5,"minecraft:rose_bush":1,"minecraft:tall_grass":27,"minecraft:diorite":14,"minecraft:hay_block":4,"minecraft:furnace":1,"minecraft:iron_ore":9,"minecraft:birch_log":47,"minecraft:fire":2,"minecraft:andesite":8,"minecraft:birch_leaves":1,"minecraft:pumpkin":10,"minecraft:oak_log":152,"minecraft:vine":1,"minecraft:gravel":74,"minecraft:dirt":28,"minecraft:bamboo":19,"minecraft:stone":149,"minecraft:oak_leaves":33,"minecraft:fern":22},"minecraft:dropped":{"minecraft:stone_axe":2,"minecraft:stone_sword":3,"minecraft:stone_pickaxe":3},"minecraft:crafted":{"minecraft:oak_planks":72,"minecraft:stone_shovel":2,"minecraft:crafting_table":3,"minecraft:wooden_pickaxe":2,"minecraft:furnace":1,"minecraft:stone_axe":6,"minecraft:cooked_mutton":3,"minecraft:bread":12,"minecraft:air":0,"minecraft:charcoal":5,"minecraft:stick":36,"minecraft:stone_pickaxe":5,"minecraft:stone_sword":4,"minecraft:torch":16,"minecraft:stone_hoe":1,"minecraft:wheat":36},"minecraft:picked_up":{"minecraft:birch_log":47,"minecraft:crafting_table":2,"minecraft:feather":5,"minecraft:chicken":8,"minecraft:andesite":8,"minecraft:leather":5,"minecraft:flint":4,"minecraft:oak_log":152,"minecraft:cornflower":1,"minecraft:dirt":34,"minecraft:raw_copper":6,"minecraft:bone":1,"minecraft:apple":2,"minecraft:wheat_seeds":33,"minecraft:beef":5,"minecraft:rose_bush":1,"minecraft:bamboo":40,"minecraft:melon_slice":29,"minecraft:birch_sapling":1,"minecraft:furnace":1,"minecraft:raw_iron":9,"minecraft:stick":8,"minecraft:pumpkin":10,"minecraft:dandelion":3,"minecraft:gravel":69,"minecraft:porkchop":32,"minecraft:diorite":14,"minecraft:stone_sword":1,"minecraft:arrow":2,"minecraft:hay_block":4,"minecraft:gray_wool":1,"minecraft:oak_sapling":8,"minecraft:mutton":19,"minecraft:cobblestone":152,"minecraft:white_wool":10},"minecraft:broken":{"minecraft:stone_pickaxe":1,"minecraft:stone_axe":1},"minecraft:killed":{"minecraft:pig":14,"minecraft:sheep":11,"minecraft:skeleton":1,"minecraft:chicken":8,"minecraft:cow":3},"minecraft:custom":{"minecraft:interact_with_furnace":7,"minecraft:mob_kills":37,"minecraft:interact_with_crafting_table":13,"minecraft:leave_game":7,"minecraft:time_since_death":41932,"minecraft:sleep_in_bed":2,"minecraft:climb_one_cm":1043,"minecraft:time_since_rest":15353,"minecraft:sprint_one_cm":214432,"minecraft:damage_taken":1452,"minecraft:walk_one_cm":174886,"minecraft:drop":8,"minecraft:damage_dealt":3260,"minecraft:swim_one_cm":56398,"minecraft:fly_one_cm":384311,"minecraft:open_chest":6,"minecraft:crouch_one_cm":1764,"minecraft:play_time":74677,"minecraft:deaths":3,"minecraft:sneak_time":1533,"minecraft:walk_under_water_one_cm":5033,"minecraft:jump":1779,"minecraft:walk_on_water_one_cm":7728,"minecraft:total_world_time":74677,"minecraft:fall_one_cm":58110},"minecraft:killed_by":{"minecraft:spider":1,"minecraft:zombie":2},"minecraft:used":{"minecraft:wheat_seeds":19,"minecraft:cooked_mutton":2,"minecraft:stone_sword":98,"minecraft:stone_shovel":39,"minecraft:stone_pickaxe":135,"minecraft:wooden_pickaxe":49,"minecraft:torch":4,"minecraft:dirt":10,"minecraft:mutton":7,"minecraft:crafting_table":4,"minecraft:chicken":2,"minecraft:melon_slice":15,"minecraft:bamboo":40,"minecraft:stone_axe":237,"minecraft:cobblestone":6,"minecraft:beef":5,"minecraft:furnace":1,"minecraft:oak_sapling":2,"minecraft:porkchop":14}},"DataVersion":3953}