{"stats":{"minecraft:mined":{"minecraft:diamond_ore":2,"minecraft:white_bed":6,"minecraft:stripped_birch_log":1,"minecraft:grass_block":6,"minecraft:hay_block":4,"minecraft:furnace":2,"minecraft:iron_ore":63,"minecraft:fire":2,"minecraft:andesite":11,"minecraft:pumpkin":10,"minecraft:vine":1,"minecraft:dirt_path":2,"minecraft:deepslate_iron_ore":7,"minecraft:stripped_oak_log":1,"minecraft:bamboo":19,"minecraft:stone":234,"minecraft:tripwire":1,"minecraft:dandelion":3,"minecraft:crafting_table":4,"minecraft:cornflower":1,"minecraft:short_grass":294,"minecraft:melon":5,"minecraft:rose_bush":1,"minecraft:tall_grass":27,"minecraft:cobblestone":9,"minecraft:lapis_ore":4,"minecraft:diorite":15,"minecraft:birch_log":359,"minecraft:birch_leaves":7,"minecraft:oak_log":775,"minecraft:coal_ore":37,"minecraft:gravel":168,"minecraft:dirt":40,"minecraft:oak_leaves":93,"minecraft:deepslate":2,"minecraft:fern":22},"minecraft:dropped":{"minecraft:iron_ingot":53,"minecraft:oak_log":515,"minecraft:flint":17,"minecraft:rose_bush":1,"minecraft:birch_log":216,"minecraft:gravel":128,"minecraft:stone_axe":2,"minecraft:stone_sword":4,"minecraft:raw_copper":6,"minecraft:birch_sapling":1,"minecraft:rotten_flesh":1,"minecraft:stone_pickaxe":3},"minecraft:crafted":{"minecraft:oak_planks":84,"minecraft:stone_shovel":2,"minecraft:furnace":1,"minecraft:cooked_mutton":3,"minecraft:stone_pickaxe":5,"minecraft:stone_hoe":1,"minecraft:wheat":36,"minecraft:crafting_table":3,"minecraft:wooden_pickaxe":2,"minecraft:stone_axe":6,"minecraft:bread":12,"minecraft:air":0,"minecraft:charcoal":5,"minecraft:stick":60,"minecraft:iron_ingot":47,"minecraft:iron_pickaxe":1,"minecraft:stone_sword":4,"minecraft:torch":64},"minecraft:broken":{"minecraft:stone_pickaxe":2,"minecraft:iron_axe":1,"minecraft:stone_axe":1},"minecraft:picked_up":{"minecraft:charcoal":1,"minecraft:crafting_table":5,"minecraft:chicken":8,"minecraft:wooden_pickaxe":1,"minecraft:cornflower":1,"minecraft:string":5,"minecraft:raw_copper":12,"minecraft:iron_axe":1,"minecraft:cobbled_deepslate":4,"minecraft:beef":5,"minecraft:rose_bush":2,"minecraft:poppy":1,"minecraft:iron_pickaxe":1,"minecraft:melon_slice":40,"minecraft:birch_sapling":7,"minecraft:furnace":4,"minecraft:stick":15,"minecraft:raw_iron":87,"minecraft:torch":15,"minecraft:porkchop":32,"minecraft:diorite":30,"minecraft:stone_sword":4,"minecraft:arrow":20,"minecraft:stone_shovel":2,"minecraft:rotten_flesh":3,"minecraft:hay_block":4,"minecraft:mutton":19,"minecraft:white_wool":10,"minecraft:cobblestone":391,"minecraft:stripped_oak_log":1,"minecraft:birch_log":401,"minecraft:feather":5,"minecraft:andesite":22,"minecraft:leather":5,"minecraft:potato":1,"minecraft:flint":21,"minecraft:oak_log":1045,"minecraft:stripped_birch_log":1,"minecraft:lapis_lazuli":23,"minecraft:dirt":61,"minecraft:cooked_mutton":1,"minecraft:bone":9,"minecraft:apple":4,"minecraft:wheat_seeds":36,"minecraft:stone_pickaxe":1,"minecraft:iron_ingot":59,"minecraft:bamboo":40,"minecraft:oak_planks":13,"minecraft:stone_hoe":1,"minecraft:pumpkin":10,"minecraft:dandelion":3,"minecraft:gravel":219,"minecraft:white_bed":7,"minecraft:spider_eye":2,"minecraft:diamond":2,"minecraft:stone_axe":2,"minecraft:granite":2,"minecraft:diamond_axe":1,"minecraft:gray_wool":1,"minecraft:bread":37,"minecraft:oak_sapling":29,"minecraft:coal":47,"minecraft:diamond_pickaxe":1},"minecraft:killed":{"minecraft:spider":1,"minecraft:skeleton":8,"minecraft:chicken":8,"minecraft:pig":14,"minecraft:iron_golem":1,"minecraft:sheep":11,"minecraft:zombie":4,"minecraft:cow":3},"minecraft:custom":{"minecraft:mob_kills":51,"minecraft:interact_with_crafting_table":18,"minecraft:leave_game":7,"minecraft:time_since_death":30591,"minecraft:climb_one_cm":1043,"minecraft:sprint_one_cm":437115,"minecraft:walk_one_cm":320955,"minecraft:drop":30,"minecraft:talked_to_villager":4,"minecraft:sneak_time":6497,"minecraft:play_time":152677,"minecraft:deaths":5,"minecraft:walk_under_water_one_cm":6399,"minecraft:jump":2909,"minecraft:walk_on_water_one_cm":8792,"minecraft:total_world_time":152677,"minecraft:interact_with_furnace":19,"minecraft:sleep_in_bed":8,"minecraft:time_since_rest":12267,"minecraft:damage_taken":2904,"minecraft:damage_dealt":6536,"minecraft:swim_one_cm":67054,"minecraft:fly_one_cm":530225,"minecraft:open_chest":34,"minecraft:crouch_one_cm":9997,"minecraft:fall_one_cm":79900},"minecraft:killed_by":{"minecraft:creeper":1,"minecraft:spider":1,"minecraft:iron_golem":1,"minecraft:zombie":2},"minecraft:used":{"minecraft:stone_sword":156,"minecraft:stone_shovel":133,"minecraft:rotten_flesh":2,"minecraft:torch":56,"minecraft:dirt":26,"minecraft:mutton":7,"minecraft:iron_axe":252,"minecraft:bamboo":40,"minecraft:beef":5,"minecraft:oak_sapling":2,"minecraft:furnace":2,"minecraft:wheat_seeds":19,"minecraft:cooked_mutton":3,"minecraft:diorite":2,"minecraft:stripped_birch_log":1,"minecraft:stone_pickaxe":260,"minecraft:wooden_pickaxe":49,"minecraft:diamond_axe":751,"minecraft:crafting_table":5,"minecraft:white_bed":5,"minecraft:apple":2,"minecraft:melon_slice":29,"minecraft:chicken":2,"minecraft:bread":19,"minecraft:string":1,"minecraft:iron_pickaxe":84,"minecraft:stone_axe":249,"minecraft:cobblestone":52,"minecraft:porkchop":14}},"DataVersion":3953}