{"stats":{"minecraft:mined":{"minecraft:dandelion":3,"minecraft:crafting_table":2,"minecraft:cornflower":1,"minecraft:short_grass":288,"minecraft:grass_block":6,"minecraft:melon":5,"minecraft:rose_bush":1,"minecraft:tall_grass":27,"minecraft:diorite":14,"minecraft:hay_block":4,"minecraft:furnace":1,"minecraft:iron_ore":23,"minecraft:birch_log":47,"minecraft:fire":2,"minecraft:andesite":11,"minecraft:birch_leaves":1,"minecraft:pumpkin":10,"minecraft:coal_ore":37,"minecraft:oak_log":152,"minecraft:dirt_path":2,"minecraft:vine":1,"minecraft:gravel":131,"minecraft:dirt":29,"minecraft:bamboo":19,"minecraft:stone":158,"minecraft:oak_leaves":35,"minecraft:fern":22},"minecraft:dropped":{"minecraft:stone_axe":2,"minecraft:stone_sword":3,"minecraft:raw_copper":6,"minecraft:birch_sapling":1,"minecraft:rotten_flesh":1,"minecraft:rose_bush":1,"minecraft:stone_pickaxe":3},"minecraft:crafted":{"minecraft:oak_planks":72,"minecraft:stone_shovel":2,"minecraft:crafting_table":3,"minecraft:wooden_pickaxe":2,"minecraft:furnace":1,"minecraft:stone_axe":6,"minecraft:cooked_mutton":3,"minecraft:bread":12,"minecraft:air":0,"minecraft:charcoal":5,"minecraft:stick":36,"minecraft:stone_pickaxe":5,"minecraft:stone_sword":4,"minecraft:torch":28,"minecraft:stone_hoe":1,"minecraft:wheat":36},"minecraft:picked_up":{"minecraft:birch_log":47,"minecraft:charcoal":1,"minecraft:crafting_table":2,"minecraft:feather":5,"minecraft:chicken":8,"minecraft:andesite":22,"minecraft:leather":5,"minecraft:wooden_pickaxe":1,"minecraft:flint":15,"minecraft:oak_log":197,"minecraft:cornflower":1,"minecraft:dirt":48,"minecraft:raw_copper":12,"minecraft:cooked_mutton":1,"minecraft:bone":4,"minecraft:apple":4,"minecraft:wheat_seeds":36,"minecraft:beef":5,"minecraft:stone_pickaxe":1,"minecraft:rose_bush":2,"minecraft:bamboo":40,"minecraft:stone_hoe":1,"minecraft:melon_slice":40,"minecraft:oak_planks":13,"minecraft:birch_sapling":2,"minecraft:furnace":2,"minecraft:raw_iron":40,"minecraft:stick":11,"minecraft:pumpkin":10,"minecraft:torch":7,"minecraft:dandelion":3,"minecraft:gravel":187,"minecraft:porkchop":32,"minecraft:diorite":28,"minecraft:rotten_flesh":1,"minecraft:stone_shovel":2,"minecraft:stone_sword":2,"minecraft:arrow":4,"minecraft:stone_axe":1,"minecraft:hay_block":4,"minecraft:granite":2,"minecraft:gray_wool":1,"minecraft:bread":12,"minecraft:oak_sapling":14,"minecraft:coal":37,"minecraft:mutton":19,"minecraft:cobblestone":251,"minecraft:white_wool":10},"minecraft:broken":{"minecraft:stone_pickaxe":1,"minecraft:stone_axe":1},"minecraft:killed":{"minecraft:pig":14,"minecraft:sheep":11,"minecraft:skeleton":3,"minecraft:zombie":1,"minecraft:chicken":8,"minecraft:cow":3},"minecraft:custom":{"minecraft:interact_with_furnace":7,"minecraft:mob_kills":40,"minecraft:interact_with_crafting_table":13,"minecraft:leave_game":7,"minecraft:time_since_death":9527,"minecraft:sleep_in_bed":3,"minecraft:climb_one_cm":1043,"minecraft:time_since_rest":9352,"minecraft:sprint_one_cm":247879,"minecraft:damage_taken":1826,"minecraft:walk_one_cm":194373,"minecraft:drop":12,"minecraft:damage_dealt":3910,"minecraft:swim_one_cm":56540,"minecraft:fly_one_cm":409120,"minecraft:open_chest":6,"minecraft:crouch_one_cm":3766,"minecraft:play_time":86677,"minecraft:deaths":4,"minecraft:sneak_time":2736,"minecraft:walk_under_water_one_cm":5161,"minecraft:jump":1931,"minecraft:walk_on_water_one_cm":8182,"minecraft:total_world_time":86677,"minecraft:fall_one_cm":61853},"minecraft:killed_by":{"minecraft:creeper":1,"minecraft:spider":1,"minecraft:zombie":2},"minecraft:used":{"minecraft:wheat_seeds":19,"minecraft:cooked_mutton":3,"minecraft:stone_sword":111,"minecraft:stone_shovel":96,"minecraft:stone_pickaxe":198,"minecraft:wooden_pickaxe":49,"minecraft:torch":17,"minecraft:dirt":13,"minecraft:mutton":7,"minecraft:crafting_table":4,"minecraft:bread":2,"minecraft:chicken":2,"minecraft:melon_slice":18,"minecraft:bamboo":40,"minecraft:stone_axe":237,"minecraft:cobblestone":10,"minecraft:beef":5,"minecraft:furnace":1,"minecraft:oak_sapling":2,"minecraft:porkchop":14}},"DataVersion":3953}