{"stats":{"minecraft:mined":{"minecraft:short_grass":15,"minecraft:grass_block":4,"minecraft:oak_log":9,"minecraft:dirt":9,"minecraft:tall_grass":4,"minecraft:stone":30,"minecraft:crafting_table":1,"minecraft:oak_leaves":1},"minecraft:dropped":{"minecraft:stone_axe":2,"minecraft:stone_pickaxe":3,"minecraft:stone_sword":3},"minecraft:crafted":{"minecraft:stone_sword":3,"minecraft:oak_planks":36,"minecraft:stone_axe":4,"minecraft:crafting_table":1,"minecraft:stick":20,"minecraft:stone_pickaxe":3,"minecraft:wooden_pickaxe":1},"minecraft:picked_up":{"minecraft:crafting_table":1,"minecraft:stone_sword":1,"minecraft:wheat_seeds":2,"minecraft:oak_log":9,"minecraft:dirt":13,"minecraft:cobblestone":30},"minecraft:custom":{"minecraft:time_since_rest":5964,"minecraft:damage_taken":60,"minecraft:play_time":5964,"minecraft:sprint_one_cm":7493,"minecraft:walk_one_cm":10896,"minecraft:sneak_time":1,"minecraft:drop":8,"minecraft:jump":63,"minecraft:time_since_death":5964,"minecraft:total_world_time":5964,"minecraft:interact_with_crafting_table":4,"minecraft:fall_one_cm":836,"minecraft:fly_one_cm":14064},"minecraft:used":{"minecraft:stone_axe":1,"minecraft:crafting_table":1,"minecraft:wooden_pickaxe":31}},"DataVersion":3953}