{"stats":{"minecraft:mined":{"minecraft:diamond_ore":2,"minecraft:white_bed":6,"minecraft:dandelion":3,"minecraft:crafting_table":4,"minecraft:cornflower":1,"minecraft:short_grass":288,"minecraft:grass_block":6,"minecraft:melon":5,"minecraft:rose_bush":1,"minecraft:cobblestone":9,"minecraft:tall_grass":27,"minecraft:lapis_ore":4,"minecraft:diorite":15,"minecraft:hay_block":4,"minecraft:furnace":2,"minecraft:iron_ore":63,"minecraft:birch_log":58,"minecraft:fire":2,"minecraft:andesite":11,"minecraft:birch_leaves":1,"minecraft:pumpkin":10,"minecraft:deepslate_iron_ore":7,"minecraft:coal_ore":37,"minecraft:oak_log":187,"minecraft:dirt_path":2,"minecraft:vine":1,"minecraft:gravel":168,"minecraft:dirt":38,"minecraft:bamboo":19,"minecraft:stone":234,"minecraft:tripwire":1,"minecraft:deepslate":2,"minecraft:oak_leaves":39,"minecraft:fern":22},"minecraft:dropped":{"minecraft:iron_ingot":53,"minecraft:gravel":128,"minecraft:stone_axe":2,"minecraft:stone_sword":4,"minecraft:raw_copper":6,"minecraft:birch_sapling":1,"minecraft:rotten_flesh":1,"minecraft:flint":17,"minecraft:rose_bush":1,"minecraft:stone_pickaxe":3},"minecraft:crafted":{"minecraft:oak_planks":84,"minecraft:stone_shovel":2,"minecraft:crafting_table":3,"minecraft:wooden_pickaxe":2,"minecraft:furnace":1,"minecraft:stone_axe":6,"minecraft:cooked_mutton":3,"minecraft:bread":12,"minecraft:air":0,"minecraft:charcoal":5,"minecraft:stick":60,"minecraft:iron_ingot":47,"minecraft:iron_pickaxe":1,"minecraft:stone_pickaxe":5,"minecraft:stone_sword":4,"minecraft:torch":64,"minecraft:stone_hoe":1,"minecraft:wheat":36},"minecraft:picked_up":{"minecraft:birch_log":58,"minecraft:charcoal":1,"minecraft:crafting_table":5,"minecraft:feather":5,"minecraft:chicken":8,"minecraft:andesite":22,"minecraft:leather":5,"minecraft:wooden_pickaxe":1,"minecraft:potato":1,"minecraft:flint":21,"minecraft:oak_log":273,"minecraft:lapis_lazuli":23,"minecraft:string":5,"minecraft:cornflower":1,"minecraft:dirt":59,"minecraft:iron_axe":1,"minecraft:raw_copper":12,"minecraft:cooked_mutton":1,"minecraft:bone":9,"minecraft:apple":4,"minecraft:wheat_seeds":36,"minecraft:cobbled_deepslate":4,"minecraft:iron_ingot":59,"minecraft:beef":5,"minecraft:stone_pickaxe":1,"minecraft:rose_bush":2,"minecraft:poppy":1,"minecraft:iron_pickaxe":1,"minecraft:bamboo":40,"minecraft:stone_hoe":1,"minecraft:melon_slice":40,"minecraft:oak_planks":13,"minecraft:birch_sapling":2,"minecraft:furnace":4,"minecraft:raw_iron":87,"minecraft:stick":11,"minecraft:pumpkin":10,"minecraft:torch":15,"minecraft:dandelion":3,"minecraft:gravel":219,"minecraft:porkchop":32,"minecraft:white_bed":7,"minecraft:diorite":30,"minecraft:spider_eye":2,"minecraft:rotten_flesh":3,"minecraft:stone_shovel":2,"minecraft:stone_sword":4,"minecraft:arrow":20,"minecraft:diamond":2,"minecraft:stone_axe":2,"minecraft:hay_block":4,"minecraft:diamond_axe":1,"minecraft:granite":2,"minecraft:gray_wool":1,"minecraft:bread":37,"minecraft:oak_sapling":15,"minecraft:coal":47,"minecraft:mutton":19,"minecraft:cobblestone":391,"minecraft:white_wool":10},"minecraft:broken":{"minecraft:stone_pickaxe":2,"minecraft:stone_axe":1},"minecraft:killed":{"minecraft:pig":14,"minecraft:iron_golem":1,"minecraft:spider":1,"minecraft:sheep":11,"minecraft:skeleton":8,"minecraft:zombie":4,"minecraft:chicken":8,"minecraft:cow":3},"minecraft:custom":{"minecraft:interact_with_furnace":19,"minecraft:mob_kills":51,"minecraft:interact_with_crafting_table":18,"minecraft:leave_game":7,"minecraft:time_since_death":6591,"minecraft:sleep_in_bed":6,"minecraft:climb_one_cm":1043,"minecraft:time_since_rest":3369,"minecraft:sprint_one_cm":349739,"minecraft:damage_taken":2814,"minecraft:walk_one_cm":268239,"minecraft:drop":17,"minecraft:damage_dealt":6536,"minecraft:talked_to_villager":3,"minecraft:swim_one_cm":56540,"minecraft:fly_one_cm":490577,"minecraft:open_chest":32,"minecraft:crouch_one_cm":8851,"minecraft:play_time":128677,"minecraft:deaths":5,"minecraft:sneak_time":5738,"minecraft:walk_under_water_one_cm":5161,"minecraft:jump":2601,"minecraft:walk_on_water_one_cm":8182,"minecraft:total_world_time":128677,"minecraft:fall_one_cm":73768},"minecraft:killed_by":{"minecraft:creeper":1,"minecraft:spider":1,"minecraft:zombie":2,"minecraft:iron_golem":1},"minecraft:used":{"minecraft:wheat_seeds":19,"minecraft:cooked_mutton":3,"minecraft:diorite":1,"minecraft:stone_sword":156,"minecraft:stone_shovel":133,"minecraft:stone_pickaxe":260,"minecraft:wooden_pickaxe":49,"minecraft:rotten_flesh":2,"minecraft:torch":56,"minecraft:dirt":24,"minecraft:mutton":7,"minecraft:crafting_table":5,"minecraft:white_bed":5,"minecraft:apple":2,"minecraft:iron_axe":46,"minecraft:string":1,"minecraft:bread":13,"minecraft:chicken":2,"minecraft:melon_slice":29,"minecraft:iron_pickaxe":84,"minecraft:bamboo":40,"minecraft:stone_axe":249,"minecraft:cobblestone":52,"minecraft:beef":5,"minecraft:furnace":2,"minecraft:oak_sapling":2,"minecraft:porkchop":14}},"DataVersion":3953}