{"stats":{"minecraft:mined":{"minecraft:dandelion":3,"minecraft:crafting_table":1,"minecraft:cornflower":1,"minecraft:short_grass":277,"minecraft:grass_block":6,"minecraft:melon":5,"minecraft:rose_bush":1,"minecraft:tall_grass":27,"minecraft:hay_block":4,"minecraft:birch_log":47,"minecraft:fire":2,"minecraft:birch_leaves":1,"minecraft:pumpkin":10,"minecraft:oak_log":152,"minecraft:vine":1,"minecraft:dirt":26,"minecraft:bamboo":19,"minecraft:stone":59,"minecraft:oak_leaves":33,"minecraft:fern":22},"minecraft:dropped":{"minecraft:stone_axe":2,"minecraft:stone_sword":3,"minecraft:stone_pickaxe":3},"minecraft:crafted":{"minecraft:oak_planks":56,"minecraft:crafting_table":2,"minecraft:wooden_pickaxe":2,"minecraft:stone_axe":6,"minecraft:cooked_mutton":3,"minecraft:bread":12,"minecraft:air":0,"minecraft:stick":32,"minecraft:stone_pickaxe":4,"minecraft:stone_sword":4,"minecraft:wheat":36},"minecraft:broken":{"minecraft:stone_axe":1},"minecraft:picked_up":{"minecraft:birch_log":47,"minecraft:crafting_table":1,"minecraft:feather":5,"minecraft:chicken":8,"minecraft:leather":5,"minecraft:oak_log":152,"minecraft:cornflower":1,"minecraft:dirt":32,"minecraft:apple":2,"minecraft:wheat_seeds":33,"minecraft:beef":5,"minecraft:rose_bush":1,"minecraft:bamboo":40,"minecraft:melon_slice":29,"minecraft:birch_sapling":1,"minecraft:stick":8,"minecraft:pumpkin":10,"minecraft:dandelion":3,"minecraft:porkchop":32,"minecraft:stone_sword":1,"minecraft:hay_block":4,"minecraft:gray_wool":1,"minecraft:oak_sapling":8,"minecraft:mutton":19,"minecraft:cobblestone":59,"minecraft:white_wool":10},"minecraft:killed":{"minecraft:pig":14,"minecraft:sheep":11,"minecraft:chicken":8,"minecraft:cow":3},"minecraft:custom":{"minecraft:interact_with_furnace":1,"minecraft:mob_kills":36,"minecraft:interact_with_crafting_table":9,"minecraft:leave_game":7,"minecraft:time_since_death":29932,"minecraft:sleep_in_bed":2,"minecraft:climb_one_cm":1043,"minecraft:time_since_rest":3353,"minecraft:sprint_one_cm":208999,"minecraft:damage_taken":1220,"minecraft:walk_one_cm":160802,"minecraft:drop":8,"minecraft:damage_dealt":3010,"minecraft:swim_one_cm":56398,"minecraft:fly_one_cm":379462,"minecraft:open_chest":6,"minecraft:crouch_one_cm":419,"minecraft:play_time":62677,"minecraft:deaths":3,"minecraft:sneak_time":664,"minecraft:walk_under_water_one_cm":5033,"minecraft:jump":1741,"minecraft:walk_on_water_one_cm":7728,"minecraft:total_world_time":62677,"minecraft:fall_one_cm":57692},"minecraft:killed_by":{"minecraft:spider":1,"minecraft:zombie":2},"minecraft:used":{"minecraft:wheat_seeds":19,"minecraft:cooked_mutton":2,"minecraft:stone_sword":92,"minecraft:stone_pickaxe":11,"minecraft:wooden_pickaxe":49,"minecraft:dirt":7,"minecraft:mutton":7,"minecraft:crafting_table":2,"minecraft:chicken":2,"minecraft:melon_slice":11,"minecraft:bamboo":40,"minecraft:stone_axe":236,"minecraft:cobblestone":6,"minecraft:beef":5,"minecraft:oak_sapling":2,"minecraft:porkchop":14}},"DataVersion":3953}