{"stats":{"minecraft:mined":{"minecraft:diamond_ore":2,"minecraft:white_bed":6,"minecraft:dandelion":3,"minecraft:crafting_table":4,"minecraft:cornflower":1,"minecraft:short_grass":288,"minecraft:grass_block":6,"minecraft:melon":5,"minecraft:rose_bush":1,"minecraft:cobblestone":1,"minecraft:tall_grass":27,"minecraft:lapis_ore":4,"minecraft:diorite":15,"minecraft:hay_block":4,"minecraft:furnace":2,"minecraft:iron_ore":63,"minecraft:birch_log":47,"minecraft:fire":2,"minecraft:andesite":11,"minecraft:birch_leaves":1,"minecraft:pumpkin":10,"minecraft:deepslate_iron_ore":7,"minecraft:coal_ore":37,"minecraft:oak_log":152,"minecraft:dirt_path":2,"minecraft:vine":1,"minecraft:gravel":168,"minecraft:dirt":34,"minecraft:bamboo":19,"minecraft:stone":226,"minecraft:tripwire":1,"minecraft:deepslate":2,"minecraft:oak_leaves":35,"minecraft:fern":22},"minecraft:dropped":{"minecraft:gravel":128,"minecraft:stone_axe":2,"minecraft:stone_sword":3,"minecraft:raw_copper":6,"minecraft:birch_sapling":1,"minecraft:rotten_flesh":1,"minecraft:flint":17,"minecraft:rose_bush":1,"minecraft:stone_pickaxe":3},"minecraft:crafted":{"minecraft:oak_planks":84,"minecraft:stone_shovel":2,"minecraft:crafting_table":3,"minecraft:wooden_pickaxe":2,"minecraft:furnace":1,"minecraft:stone_axe":6,"minecraft:cooked_mutton":3,"minecraft:bread":12,"minecraft:air":0,"minecraft:charcoal":5,"minecraft:stick":60,"minecraft:iron_ingot":10,"minecraft:iron_pickaxe":1,"minecraft:stone_pickaxe":5,"minecraft:stone_sword":4,"minecraft:torch":64,"minecraft:stone_hoe":1,"minecraft:wheat":36},"minecraft:picked_up":{"minecraft:birch_log":47,"minecraft:charcoal":1,"minecraft:crafting_table":4,"minecraft:feather":5,"minecraft:chicken":8,"minecraft:andesite":22,"minecraft:leather":5,"minecraft:wooden_pickaxe":1,"minecraft:potato":1,"minecraft:flint":21,"minecraft:oak_log":197,"minecraft:lapis_lazuli":23,"minecraft:string":3,"minecraft:cornflower":1,"minecraft:dirt":55,"minecraft:raw_copper":12,"minecraft:cooked_mutton":1,"minecraft:bone":8,"minecraft:apple":4,"minecraft:wheat_seeds":36,"minecraft:cobbled_deepslate":2,"minecraft:iron_ingot":6,"minecraft:beef":5,"minecraft:stone_pickaxe":1,"minecraft:rose_bush":2,"minecraft:bamboo":40,"minecraft:stone_hoe":1,"minecraft:melon_slice":40,"minecraft:oak_planks":13,"minecraft:birch_sapling":2,"minecraft:furnace":3,"minecraft:raw_iron":87,"minecraft:stick":11,"minecraft:pumpkin":10,"minecraft:torch":7,"minecraft:dandelion":3,"minecraft:gravel":219,"minecraft:porkchop":32,"minecraft:white_bed":6,"minecraft:diorite":29,"minecraft:spider_eye":1,"minecraft:rotten_flesh":3,"minecraft:stone_shovel":2,"minecraft:stone_sword":2,"minecraft:arrow":10,"minecraft:diamond":2,"minecraft:stone_axe":1,"minecraft:hay_block":4,"minecraft:granite":2,"minecraft:gray_wool":1,"minecraft:bread":12,"minecraft:oak_sapling":14,"minecraft:coal":42,"minecraft:mutton":19,"minecraft:cobblestone":319,"minecraft:white_wool":10},"minecraft:broken":{"minecraft:stone_pickaxe":2,"minecraft:stone_axe":1},"minecraft:killed":{"minecraft:pig":14,"minecraft:spider":1,"minecraft:sheep":11,"minecraft:skeleton":7,"minecraft:zombie":4,"minecraft:chicken":8,"minecraft:cow":3},"minecraft:custom":{"minecraft:interact_with_furnace":13,"minecraft:mob_kills":49,"minecraft:interact_with_crafting_table":16,"minecraft:leave_game":7,"minecraft:time_since_death":39527,"minecraft:sleep_in_bed":5,"minecraft:climb_one_cm":1043,"minecraft:time_since_rest":4027,"minecraft:sprint_one_cm":322222,"minecraft:damage_taken":2621,"minecraft:walk_one_cm":251924,"minecraft:drop":15,"minecraft:damage_dealt":5488,"minecraft:swim_one_cm":56540,"minecraft:fly_one_cm":459206,"minecraft:open_chest":13,"minecraft:crouch_one_cm":8489,"minecraft:play_time":116677,"minecraft:deaths":4,"minecraft:sneak_time":5292,"minecraft:walk_under_water_one_cm":5161,"minecraft:jump":2389,"minecraft:walk_on_water_one_cm":8182,"minecraft:total_world_time":116677,"minecraft:fall_one_cm":69234},"minecraft:killed_by":{"minecraft:creeper":1,"minecraft:spider":1,"minecraft:zombie":2},"minecraft:used":{"minecraft:wheat_seeds":19,"minecraft:cooked_mutton":3,"minecraft:diorite":1,"minecraft:stone_sword":152,"minecraft:stone_shovel":133,"minecraft:stone_pickaxe":260,"minecraft:wooden_pickaxe":49,"minecraft:rotten_flesh":1,"minecraft:torch":55,"minecraft:dirt":20,"minecraft:mutton":7,"minecraft:crafting_table":5,"minecraft:white_bed":5,"minecraft:apple":2,"minecraft:string":1,"minecraft:bread":12,"minecraft:chicken":2,"minecraft:melon_slice":29,"minecraft:iron_pickaxe":66,"minecraft:bamboo":40,"minecraft:stone_axe":238,"minecraft:cobblestone":29,"minecraft:beef":5,"minecraft:furnace":2,"minecraft:oak_sapling":2,"minecraft:porkchop":14}},"DataVersion":3953}