{"stats":{"minecraft:mined":{"minecraft:fire":2,"minecraft:birch_leaves":1,"minecraft:pumpkin":10,"minecraft:crafting_table":1,"minecraft:short_grass":95,"minecraft:grass_block":4,"minecraft:oak_log":29,"minecraft:dirt":9,"minecraft:tall_grass":16,"minecraft:stone":30,"minecraft:oak_leaves":16},"minecraft:dropped":{"minecraft:stone_axe":2,"minecraft:stone_sword":3,"minecraft:stone_pickaxe":3},"minecraft:crafted":{"minecraft:oak_planks":36,"minecraft:crafting_table":1,"minecraft:stick":20,"minecraft:wooden_pickaxe":1,"minecraft:stone_pickaxe":3,"minecraft:stone_sword":3,"minecraft:stone_axe":4},"minecraft:picked_up":{"minecraft:crafting_table":1,"minecraft:feather":5,"minecraft:chicken":8,"minecraft:pumpkin":10,"minecraft:leather":5,"minecraft:porkchop":32,"minecraft:oak_log":29,"minecraft:dirt":13,"minecraft:stone_sword":1,"minecraft:wheat_seeds":12,"minecraft:beef":5,"minecraft:gray_wool":1,"minecraft:mutton":18,"minecraft:white_wool":9,"minecraft:cobblestone":30},"minecraft:killed":{"minecraft:sheep":10,"minecraft:pig":14,"minecraft:chicken":8,"minecraft:cow":3},"minecraft:custom":{"minecraft:time_since_rest":6173,"minecraft:sprint_one_cm":145721,"minecraft:damage_taken":1150,"minecraft:walk_one_cm":74707,"minecraft:mob_kills":35,"minecraft:drop":8,"minecraft:damage_dealt":2930,"minecraft:swim_one_cm":50026,"minecraft:interact_with_crafting_table":4,"minecraft:fly_one_cm":299985,"minecraft:play_time":38665,"minecraft:deaths":3,"minecraft:sneak_time":14,"minecraft:walk_under_water_one_cm":3219,"minecraft:jump":1309,"minecraft:leave_game":6,"minecraft:walk_on_water_one_cm":5760,"minecraft:time_since_death":5920,"minecraft:climb_one_cm":671,"minecraft:total_world_time":38665,"minecraft:fall_one_cm":48199},"minecraft:killed_by":{"minecraft:spider":1,"minecraft:zombie":2},"minecraft:used":{"minecraft:stone_sword":92,"minecraft:chicken":2,"minecraft:wooden_pickaxe":31,"minecraft:stone_axe":35,"minecraft:mutton":7,"minecraft:beef":5,"minecraft:crafting_table":1,"minecraft:porkchop":14}},"DataVersion":3953}