{"stats":{"minecraft:mined":{"minecraft:dandelion":3,"minecraft:crafting_table":1,"minecraft:cornflower":1,"minecraft:short_grass":274,"minecraft:grass_block":5,"minecraft:melon":5,"minecraft:tall_grass":25,"minecraft:hay_block":4,"minecraft:fire":2,"minecraft:birch_leaves":1,"minecraft:pumpkin":10,"minecraft:oak_log":45,"minecraft:vine":1,"minecraft:dirt":12,"minecraft:bamboo":1,"minecraft:stone":48,"minecraft:oak_leaves":18,"minecraft:fern":22},"minecraft:dropped":{"minecraft:stone_axe":2,"minecraft:stone_sword":3,"minecraft:stone_pickaxe":3},"minecraft:crafted":{"minecraft:oak_planks":56,"minecraft:crafting_table":2,"minecraft:wooden_pickaxe":2,"minecraft:stone_axe":5,"minecraft:cooked_mutton":3,"minecraft:bread":12,"minecraft:air":0,"minecraft:stick":32,"minecraft:stone_pickaxe":4,"minecraft:stone_sword":4,"minecraft:wheat":36},"minecraft:picked_up":{"minecraft:crafting_table":1,"minecraft:feather":5,"minecraft:chicken":8,"minecraft:leather":5,"minecraft:oak_log":45,"minecraft:cornflower":1,"minecraft:dirt":17,"minecraft:wheat_seeds":31,"minecraft:beef":5,"minecraft:bamboo":2,"minecraft:melon_slice":29,"minecraft:stick":1,"minecraft:pumpkin":10,"minecraft:dandelion":3,"minecraft:porkchop":32,"minecraft:stone_sword":1,"minecraft:hay_block":4,"minecraft:gray_wool":1,"minecraft:oak_sapling":2,"minecraft:mutton":19,"minecraft:cobblestone":48,"minecraft:white_wool":10},"minecraft:killed":{"minecraft:pig":14,"minecraft:sheep":11,"minecraft:chicken":8,"minecraft:cow":3},"minecraft:custom":{"minecraft:interact_with_furnace":1,"minecraft:mob_kills":36,"minecraft:interact_with_crafting_table":8,"minecraft:leave_game":7,"minecraft:time_since_death":17932,"minecraft:climb_one_cm":1043,"minecraft:time_since_rest":18185,"minecraft:sprint_one_cm":184104,"minecraft:damage_taken":1190,"minecraft:walk_one_cm":124147,"minecraft:drop":8,"minecraft:damage_dealt":3010,"minecraft:swim_one_cm":55014,"minecraft:fly_one_cm":357904,"minecraft:open_chest":3,"minecraft:crouch_one_cm":155,"minecraft:play_time":50677,"minecraft:deaths":3,"minecraft:sneak_time":161,"minecraft:walk_under_water_one_cm":4796,"minecraft:jump":1587,"minecraft:walk_on_water_one_cm":7650,"minecraft:total_world_time":50677,"minecraft:fall_one_cm":54148},"minecraft:killed_by":{"minecraft:spider":1,"minecraft:zombie":2},"minecraft:used":{"minecraft:wheat_seeds":19,"minecraft:cooked_mutton":1,"minecraft:stone_sword":92,"minecraft:wooden_pickaxe":49,"minecraft:dirt":4,"minecraft:mutton":7,"minecraft:crafting_table":2,"minecraft:chicken":2,"minecraft:melon_slice":11,"minecraft:bamboo":2,"minecraft:stone_axe":47,"minecraft:cobblestone":4,"minecraft:beef":5,"minecraft:oak_sapling":2,"minecraft:porkchop":14}},"DataVersion":3953}