{"stats":{"minecraft:mined":{"minecraft:furnace":2,"minecraft:iron_ore":6,"minecraft:crafting_table":2,"minecraft:short_grass":43,"minecraft:acacia_log":6,"minecraft:coal_ore":3,"minecraft:grass_block":5,"minecraft:oak_log":6,"minecraft:melon":6,"minecraft:dirt":4,"minecraft:tall_grass":5,"minecraft:stone":20,"minecraft:oak_leaves":4,"minecraft:fern":1},"minecraft:crafted":{"minecraft:oak_planks":20,"minecraft:shield":1,"minecraft:crafting_table":2,"minecraft:stick":4,"minecraft:iron_ingot":4,"minecraft:furnace":2,"minecraft:acacia_planks":24,"minecraft:stone_axe":1,"minecraft:air":0},"minecraft:picked_up":{"minecraft:raw_iron":6,"minecraft:crafting_table":2,"minecraft:feather":3,"minecraft:chicken":2,"minecraft:acacia_log":6,"minecraft:oak_log":5,"minecraft:dirt":9,"minecraft:stone_sword":1,"minecraft:wheat_seeds":9,"minecraft:iron_ingot":2,"minecraft:stone_pickaxe":1,"minecraft:oak_sapling":2,"minecraft:melon_slice":26,"minecraft:coal":4,"minecraft:cobblestone":20,"minecraft:furnace":2},"minecraft:killed":{"minecraft:chicken":2},"minecraft:custom":{"minecraft:time_since_rest":19233,"minecraft:interact_with_furnace":7,"minecraft:sprint_one_cm":61406,"minecraft:damage_taken":318,"minecraft:walk_one_cm":40906,"minecraft:mob_kills":2,"minecraft:damage_dealt":165,"minecraft:swim_one_cm":4408,"minecraft:interact_with_crafting_table":6,"minecraft:fly_one_cm":64691,"minecraft:crouch_one_cm":284,"minecraft:play_time":19233,"minecraft:sneak_time":152,"minecraft:walk_under_water_one_cm":1082,"minecraft:jump":426,"minecraft:leave_game":2,"minecraft:walk_on_water_one_cm":869,"minecraft:time_since_death":19233,"minecraft:climb_one_cm":165,"minecraft:total_world_time":19233,"minecraft:fall_one_cm":10204},"minecraft:used":{"minecraft:stone_sword":25,"minecraft:chicken":2,"minecraft:melon_slice":20,"minecraft:stone_pickaxe":31,"minecraft:stone_axe":17,"minecraft:dirt":8,"minecraft:cobblestone":1,"minecraft:crafting_table":3,"minecraft:furnace":2,"minecraft:acacia_planks":9}},"DataVersion":3953}