{"stats":{"minecraft:custom":{"minecraft:mob_kills":67,"minecraft:interact_with_crafting_table":17,"minecraft:leave_game":7,"minecraft:time_since_death":86706,"minecraft:climb_one_cm":707,"minecraft:sprint_one_cm":378176,"minecraft:walk_one_cm":350399,"minecraft:damage_blocked_by_shield":2401,"minecraft:drop":28,"minecraft:talked_to_villager":22,"minecraft:play_time":148796,"minecraft:sneak_time":4750,"minecraft:deaths":1,"minecraft:walk_under_water_one_cm":24176,"minecraft:jump":2876,"minecraft:walk_on_water_one_cm":45956,"minecraft:total_world_time":148796,"minecraft:interact_with_furnace":46,"minecraft:traded_with_villager":64,"minecraft:sleep_in_bed":14,"minecraft:time_since_rest":48001,"minecraft:damage_taken":3183,"minecraft:damage_dealt":11235,"minecraft:swim_one_cm":46931,"minecraft:fly_one_cm":439257,"minecraft:open_chest":28,"minecraft:crouch_one_cm":7964,"minecraft:fall_one_cm":93427},"minecraft:picked_up":{"minecraft:iron_chestplate":1,"minecraft:crafting_table":7,"minecraft:chicken":2,"minecraft:shield":1,"minecraft:string":4,"minecraft:iron_leggings":1,"minecraft:cobbled_deepslate":95,"minecraft:beef":19,"minecraft:iron_pickaxe":1,"minecraft:melon_slice":26,"minecraft:sugar_cane":6,"minecraft:iron_boots":1,"minecraft:furnace":10,"minecraft:raw_iron":53,"minecraft:stick":2,"minecraft:torch":1,"minecraft:acacia_log":6,"minecraft:porkchop":6,"minecraft:diorite":1,"minecraft:carrot":5,"minecraft:redstone":139,"minecraft:stone_sword":2,"minecraft:arrow":7,"minecraft:rotten_flesh":37,"minecraft:hay_block":23,"minecraft:mutton":10,"minecraft:rail":97,"minecraft:cobblestone":55,"minecraft:white_wool":9,"minecraft:feather":6,"minecraft:cooked_beef":17,"minecraft:andesite":1,"minecraft:leather":20,"minecraft:potato":82,"minecraft:flint":1,"minecraft:tuff":3,"minecraft:oak_log":142,"minecraft:gunpowder":1,"minecraft:dirt":15,"minecraft:bone":4,"minecraft:apple":1,"minecraft:bow":1,"minecraft:wheat_seeds":41,"minecraft:raw_gold":33,"minecraft:iron_ingot":10,"minecraft:stone_pickaxe":2,"minecraft:glass_bottle":2,"minecraft:bamboo":1,"minecraft:oak_planks":33,"minecraft:gravel":2,"minecraft:poisonous_potato":1,"minecraft:white_bed":2,"minecraft:spider_eye":1,"minecraft:diamond":26,"minecraft:stone_axe":1,"minecraft:iron_helmet":1,"minecraft:granite":2,"minecraft:bread":12,"minecraft:emerald":6,"minecraft:oak_sapling":13,"minecraft:coal":40},"minecraft:mined":{"minecraft:tuff":3,"minecraft:white_bed":2,"minecraft:deepslate_diamond_ore":26,"minecraft:granite":2,"minecraft:acacia_log":6,"minecraft:grass_block":6,"minecraft:redstone_wire":1,"minecraft:spawner":1,"minecraft:hay_block":24,"minecraft:furnace":8,"minecraft:carrots":1,"minecraft:iron_ore":32,"minecraft:cobbled_deepslate":7,"minecraft:andesite":1,"minecraft:dirt_path":1,"minecraft:potatoes":22,"minecraft:deepslate_iron_ore":22,"minecraft:rail":97,"minecraft:stone":39,"minecraft:deepslate_redstone_ore":30,"minecraft:crafting_table":8,"minecraft:short_grass":59,"minecraft:emerald_ore":3,"minecraft:melon":6,"minecraft:cobblestone":4,"minecraft:tall_grass":7,"minecraft:deepslate_gold_ore":33,"minecraft:sugar_cane":1,"minecraft:oak_planks":6,"minecraft:birch_leaves":3,"minecraft:oak_log":141,"minecraft:coal_ore":20,"minecraft:gravel":2,"minecraft:dirt":8,"minecraft:cobweb":14,"minecraft:fern":1,"minecraft:oak_leaves":54,"minecraft:deepslate":77},"minecraft:broken":{"minecraft:stone_axe":1,"minecraft:iron_pickaxe":1},"minecraft:used":{"minecraft:stone_sword":66,"minecraft:redstone":3,"minecraft:shield":68,"minecraft:iron_sword":87,"minecraft:rotten_flesh":1,"minecraft:iron_chestplate":1,"minecraft:torch":27,"minecraft:dirt":15,"minecraft:granite":2,"minecraft:iron_axe":173,"minecraft:iron_helmet":1,"minecraft:iron_boots":1,"minecraft:bamboo":1,"minecraft:oak_sapling":10,"minecraft:furnace":8,"minecraft:cooked_beef":4,"minecraft:potato":24,"minecraft:acacia_planks":9,"minecraft:cobbled_deepslate":79,"minecraft:iron_leggings":1,"minecraft:water_bucket":12,"minecraft:diorite":1,"minecraft:stone_pickaxe":36,"minecraft:baked_potato":20,"minecraft:oak_planks":31,"minecraft:crafting_table":9,"minecraft:white_bed":3,"minecraft:apple":1,"minecraft:melon_slice":26,"minecraft:chicken":2,"minecraft:bread":19,"minecraft:iron_pickaxe":375,"minecraft:gravel":2,"minecraft:stone_axe":134,"minecraft:cobblestone":29,"minecraft:cooked_porkchop":6,"minecraft:bucket":13,"minecraft:andesite":1},"minecraft:killed_by":{"minecraft:zombie":1},"minecraft:dropped":{"minecraft:iron_ingot":3,"minecraft:bread":50,"minecraft:cooked_beef":10,"minecraft:raw_iron":2},"minecraft:killed":{"minecraft:witch":1,"minecraft:spider":4,"minecraft:skeleton":7,"minecraft:chicken":2,"minecraft:drowned":1,"minecraft:pig":3,"minecraft:sheep":7,"minecraft:zombie":31,"minecraft:cow":7},"minecraft:crafted":{"minecraft:oak_planks":1028,"minecraft:furnace":2,"minecraft:cooked_mutton":6,"minecraft:glass":64,"minecraft:iron_boots":1,"minecraft:iron_axe":1,"minecraft:diamond_boots":1,"minecraft:wheat":207,"minecraft:cooked_beef":7,"minecraft:emerald":62,"minecraft:cooked_porkchop":6,"minecraft:crafting_table":2,"minecraft:baked_potato":58,"minecraft:iron_helmet":1,"minecraft:iron_sword":1,"minecraft:stone_axe":1,"minecraft:bread":69,"minecraft:air":0,"minecraft:iron_chestplate":1,"minecraft:shield":1,"minecraft:stick":2008,"minecraft:iron_ingot":21,"minecraft:iron_pickaxe":3,"minecraft:iron_leggings":1,"minecraft:white_bed":1,"minecraft:acacia_planks":24,"minecraft:diamond_chestplate":1}},"DataVersion":3953}