{"stats":{"minecraft:custom":{"minecraft:interact_with_furnace":46,"minecraft:mob_kills":40,"minecraft:traded_with_villager":42,"minecraft:interact_with_crafting_table":16,"minecraft:leave_game":6,"minecraft:time_since_death":40103,"minecraft:sleep_in_bed":14,"minecraft:climb_one_cm":707,"minecraft:time_since_rest":1398,"minecraft:sprint_one_cm":258389,"minecraft:damage_taken":2395,"minecraft:walk_one_cm":190928,"minecraft:damage_blocked_by_shield":1071,"minecraft:drop":28,"minecraft:damage_dealt":5611,"minecraft:swim_one_cm":20581,"minecraft:talked_to_villager":15,"minecraft:fly_one_cm":386617,"minecraft:open_chest":28,"minecraft:crouch_one_cm":3661,"minecraft:play_time":102193,"minecraft:deaths":1,"minecraft:sneak_time":2163,"minecraft:walk_under_water_one_cm":10083,"minecraft:jump":2173,"minecraft:walk_on_water_one_cm":21703,"minecraft:total_world_time":102193,"minecraft:fall_one_cm":77023},"minecraft:picked_up":{"minecraft:iron_chestplate":1,"minecraft:crafting_table":7,"minecraft:feather":6,"minecraft:cooked_beef":17,"minecraft:chicken":2,"minecraft:leather":20,"minecraft:potato":82,"minecraft:flint":1,"minecraft:oak_log":56,"minecraft:shield":1,"minecraft:gunpowder":1,"minecraft:string":2,"minecraft:dirt":15,"minecraft:iron_leggings":1,"minecraft:bone":2,"minecraft:apple":1,"minecraft:wheat_seeds":41,"minecraft:stone_pickaxe":2,"minecraft:iron_ingot":10,"minecraft:beef":19,"minecraft:iron_pickaxe":1,"minecraft:bamboo":1,"minecraft:melon_slice":26,"minecraft:sugar_cane":6,"minecraft:oak_planks":29,"minecraft:iron_boots":1,"minecraft:furnace":10,"minecraft:stick":2,"minecraft:raw_iron":29,"minecraft:poisonous_potato":1,"minecraft:acacia_log":6,"minecraft:porkchop":6,"minecraft:carrot":5,"minecraft:white_bed":2,"minecraft:stone_sword":2,"minecraft:rotten_flesh":21,"minecraft:stone_axe":1,"minecraft:iron_helmet":1,"minecraft:hay_block":23,"minecraft:bread":12,"minecraft:emerald":6,"minecraft:oak_sapling":4,"minecraft:mutton":10,"minecraft:coal":40,"minecraft:white_wool":9,"minecraft:cobblestone":52},"minecraft:mined":{"minecraft:white_bed":2,"minecraft:crafting_table":8,"minecraft:short_grass":59,"minecraft:emerald_ore":3,"minecraft:acacia_log":6,"minecraft:grass_block":6,"minecraft:melon":6,"minecraft:tall_grass":7,"minecraft:cobblestone":4,"minecraft:oak_planks":5,"minecraft:sugar_cane":1,"minecraft:hay_block":24,"minecraft:furnace":8,"minecraft:carrots":1,"minecraft:iron_ore":30,"minecraft:birch_leaves":3,"minecraft:potatoes":22,"minecraft:oak_log":55,"minecraft:coal_ore":20,"minecraft:dirt_path":1,"minecraft:gravel":1,"minecraft:dirt":8,"minecraft:stone":33,"minecraft:oak_leaves":19,"minecraft:fern":1},"minecraft:broken":{"minecraft:stone_axe":1},"minecraft:used":{"minecraft:water_bucket":4,"minecraft:stone_sword":66,"minecraft:stone_pickaxe":36,"minecraft:baked_potato":1,"minecraft:oak_planks":27,"minecraft:shield":39,"minecraft:iron_sword":33,"minecraft:iron_chestplate":1,"minecraft:dirt":15,"minecraft:crafting_table":9,"minecraft:white_bed":3,"minecraft:iron_axe":13,"minecraft:bread":19,"minecraft:chicken":2,"minecraft:melon_slice":26,"minecraft:iron_pickaxe":66,"minecraft:iron_helmet":1,"minecraft:iron_boots":1,"minecraft:bamboo":1,"minecraft:stone_axe":134,"minecraft:cobblestone":26,"minecraft:oak_sapling":1,"minecraft:furnace":8,"minecraft:cooked_porkchop":6,"minecraft:bucket":5,"minecraft:potato":24,"minecraft:cooked_beef":4,"minecraft:acacia_planks":9,"minecraft:iron_leggings":1},"minecraft:killed_by":{"minecraft:zombie":1},"minecraft:dropped":{"minecraft:bread":50,"minecraft:iron_ingot":3,"minecraft:cooked_beef":10,"minecraft:raw_iron":2},"minecraft:killed":{"minecraft:pig":3,"minecraft:spider":1,"minecraft:sheep":7,"minecraft:skeleton":1,"minecraft:zombie":16,"minecraft:chicken":2,"minecraft:drowned":1,"minecraft:cow":7},"minecraft:crafted":{"minecraft:cooked_beef":7,"minecraft:oak_planks":684,"minecraft:emerald":41,"minecraft:cooked_porkchop":6,"minecraft:crafting_table":2,"minecraft:baked_potato":58,"minecraft:iron_helmet":1,"minecraft:iron_sword":1,"minecraft:furnace":2,"minecraft:stone_axe":1,"minecraft:bread":69,"minecraft:cooked_mutton":6,"minecraft:air":0,"minecraft:glass":64,"minecraft:iron_boots":1,"minecraft:iron_chestplate":1,"minecraft:shield":1,"minecraft:iron_axe":1,"minecraft:stick":1320,"minecraft:iron_ingot":21,"minecraft:iron_pickaxe":3,"minecraft:iron_leggings":1,"minecraft:white_bed":1,"minecraft:acacia_planks":24,"minecraft:diamond_chestplate":1,"minecraft:wheat":207}},"DataVersion":3953}