{"stats":{"minecraft:mined":{"minecraft:white_bed":1,"minecraft:crafting_table":4,"minecraft:short_grass":50,"minecraft:acacia_log":6,"minecraft:emerald_ore":2,"minecraft:grass_block":5,"minecraft:melon":6,"minecraft:tall_grass":5,"minecraft:sugar_cane":1,"minecraft:hay_block":19,"minecraft:furnace":4,"minecraft:iron_ore":28,"minecraft:birch_leaves":2,"minecraft:oak_log":6,"minecraft:coal_ore":15,"minecraft:dirt_path":1,"minecraft:gravel":1,"minecraft:dirt":5,"minecraft:stone":24,"minecraft:oak_leaves":4,"minecraft:fern":1},"minecraft:dropped":{"minecraft:bread":13},"minecraft:crafted":{"minecraft:oak_planks":28,"minecraft:cooked_porkchop":6,"minecraft:crafting_table":2,"minecraft:iron_helmet":1,"minecraft:furnace":2,"minecraft:stone_axe":1,"minecraft:bread":54,"minecraft:air":0,"minecraft:shield":1,"minecraft:stick":4,"minecraft:iron_ingot":7,"minecraft:iron_pickaxe":1,"minecraft:white_bed":1,"minecraft:acacia_planks":24,"minecraft:wheat":162},"minecraft:picked_up":{"minecraft:crafting_table":4,"minecraft:feather":3,"minecraft:cooked_beef":2,"minecraft:chicken":2,"minecraft:leather":10,"minecraft:flint":1,"minecraft:oak_log":7,"minecraft:dirt":11,"minecraft:wheat_seeds":20,"minecraft:iron_ingot":2,"minecraft:beef":15,"minecraft:stone_pickaxe":1,"minecraft:melon_slice":26,"minecraft:sugar_cane":3,"minecraft:oak_planks":4,"minecraft:furnace":4,"minecraft:raw_iron":27,"minecraft:acacia_log":6,"minecraft:porkchop":6,"minecraft:white_bed":1,"minecraft:stone_sword":1,"minecraft:hay_block":18,"minecraft:emerald":2,"minecraft:oak_sapling":2,"minecraft:cobblestone":24,"minecraft:mutton":6,"minecraft:coal":15,"minecraft:white_wool":3},"minecraft:killed":{"minecraft:pig":3,"minecraft:sheep":3,"minecraft:skeleton":1,"minecraft:zombie":1,"minecraft:chicken":2,"minecraft:drowned":1,"minecraft:cow":6},"minecraft:custom":{"minecraft:interact_with_furnace":12,"minecraft:mob_kills":17,"minecraft:interact_with_crafting_table":9,"minecraft:leave_game":3,"minecraft:time_since_death":43387,"minecraft:sleep_in_bed":7,"minecraft:climb_one_cm":165,"minecraft:time_since_rest":1907,"minecraft:sprint_one_cm":142391,"minecraft:damage_taken":813,"minecraft:walk_one_cm":85652,"minecraft:damage_blocked_by_shield":276,"minecraft:drop":13,"minecraft:damage_dealt":2055,"minecraft:swim_one_cm":10294,"minecraft:fly_one_cm":182911,"minecraft:crouch_one_cm":828,"minecraft:play_time":43387,"minecraft:sneak_time":439,"minecraft:walk_under_water_one_cm":2268,"minecraft:jump":1016,"minecraft:walk_on_water_one_cm":6461,"minecraft:total_world_time":43387,"minecraft:fall_one_cm":32299},"minecraft:used":{"minecraft:stone_sword":52,"minecraft:stone_pickaxe":36,"minecraft:oak_planks":2,"minecraft:shield":7,"minecraft:dirt":8,"minecraft:crafting_table":5,"minecraft:white_bed":2,"minecraft:melon_slice":26,"minecraft:chicken":2,"minecraft:bread":7,"minecraft:iron_pickaxe":40,"minecraft:iron_helmet":1,"minecraft:stone_axe":38,"minecraft:cobblestone":1,"minecraft:cooked_porkchop":2,"minecraft:furnace":4,"minecraft:acacia_planks":9}},"DataVersion":3953}