{"stats":{"minecraft:custom":{"minecraft:interact_with_furnace":46,"minecraft:mob_kills":45,"minecraft:traded_with_villager":64,"minecraft:interact_with_crafting_table":17,"minecraft:leave_game":6,"minecraft:time_since_death":51803,"minecraft:sleep_in_bed":14,"minecraft:climb_one_cm":707,"minecraft:time_since_rest":13098,"minecraft:sprint_one_cm":270176,"minecraft:damage_taken":2668,"minecraft:walk_one_cm":223872,"minecraft:damage_blocked_by_shield":1096,"minecraft:drop":28,"minecraft:damage_dealt":6334,"minecraft:swim_one_cm":22624,"minecraft:talked_to_villager":22,"minecraft:fly_one_cm":397829,"minecraft:open_chest":28,"minecraft:crouch_one_cm":4618,"minecraft:play_time":113893,"minecraft:deaths":1,"minecraft:sneak_time":2727,"minecraft:walk_under_water_one_cm":16079,"minecraft:jump":2350,"minecraft:walk_on_water_one_cm":26574,"minecraft:total_world_time":113893,"minecraft:fall_one_cm":83338},"minecraft:picked_up":{"minecraft:crafting_table":7,"minecraft:iron_chestplate":1,"minecraft:feather":6,"minecraft:cooked_beef":17,"minecraft:chicken":2,"minecraft:andesite":1,"minecraft:leather":20,"minecraft:potato":82,"minecraft:flint":1,"minecraft:oak_log":142,"minecraft:shield":1,"minecraft:gunpowder":1,"minecraft:string":2,"minecraft:dirt":15,"minecraft:iron_leggings":1,"minecraft:bone":2,"minecraft:apple":1,"minecraft:wheat_seeds":41,"minecraft:cobbled_deepslate":1,"minecraft:raw_gold":9,"minecraft:stone_pickaxe":2,"minecraft:beef":19,"minecraft:iron_ingot":10,"minecraft:iron_pickaxe":1,"minecraft:bamboo":1,"minecraft:melon_slice":26,"minecraft:sugar_cane":6,"minecraft:oak_planks":29,"minecraft:iron_boots":1,"minecraft:furnace":10,"minecraft:stick":2,"minecraft:raw_iron":31,"minecraft:acacia_log":6,"minecraft:poisonous_potato":1,"minecraft:porkchop":6,"minecraft:diorite":1,"minecraft:white_bed":2,"minecraft:carrot":5,"minecraft:stone_sword":2,"minecraft:rotten_flesh":26,"minecraft:stone_axe":1,"minecraft:hay_block":23,"minecraft:iron_helmet":1,"minecraft:granite":2,"minecraft:emerald":6,"minecraft:bread":12,"minecraft:oak_sapling":13,"minecraft:mutton":10,"minecraft:coal":40,"minecraft:white_wool":9,"minecraft:cobblestone":55},"minecraft:mined":{"minecraft:white_bed":2,"minecraft:crafting_table":8,"minecraft:granite":2,"minecraft:short_grass":59,"minecraft:acacia_log":6,"minecraft:emerald_ore":3,"minecraft:grass_block":6,"minecraft:melon":6,"minecraft:tall_grass":7,"minecraft:cobblestone":4,"minecraft:deepslate_gold_ore":9,"minecraft:oak_planks":5,"minecraft:sugar_cane":1,"minecraft:hay_block":24,"minecraft:furnace":8,"minecraft:carrots":1,"minecraft:iron_ore":32,"minecraft:andesite":1,"minecraft:birch_leaves":3,"minecraft:coal_ore":20,"minecraft:potatoes":22,"minecraft:oak_log":141,"minecraft:dirt_path":1,"minecraft:gravel":1,"minecraft:dirt":8,"minecraft:deepslate":1,"minecraft:stone":39,"minecraft:oak_leaves":54,"minecraft:fern":1},"minecraft:broken":{"minecraft:stone_axe":1},"minecraft:used":{"minecraft:water_bucket":8,"minecraft:diorite":1,"minecraft:stone_sword":66,"minecraft:stone_pickaxe":36,"minecraft:oak_planks":27,"minecraft:baked_potato":6,"minecraft:shield":40,"minecraft:iron_sword":33,"minecraft:iron_chestplate":1,"minecraft:dirt":15,"minecraft:crafting_table":9,"minecraft:white_bed":3,"minecraft:granite":2,"minecraft:bread":19,"minecraft:chicken":2,"minecraft:iron_axe":139,"minecraft:melon_slice":26,"minecraft:iron_pickaxe":89,"minecraft:iron_helmet":1,"minecraft:iron_boots":1,"minecraft:stone_axe":134,"minecraft:bamboo":1,"minecraft:cobblestone":29,"minecraft:cooked_porkchop":6,"minecraft:furnace":8,"minecraft:oak_sapling":10,"minecraft:andesite":1,"minecraft:bucket":9,"minecraft:cooked_beef":4,"minecraft:potato":24,"minecraft:acacia_planks":9,"minecraft:iron_leggings":1},"minecraft:killed_by":{"minecraft:zombie":1},"minecraft:dropped":{"minecraft:bread":50,"minecraft:iron_ingot":3,"minecraft:cooked_beef":10,"minecraft:raw_iron":2},"minecraft:killed":{"minecraft:pig":3,"minecraft:spider":1,"minecraft:skeleton":1,"minecraft:sheep":7,"minecraft:zombie":21,"minecraft:chicken":2,"minecraft:drowned":1,"minecraft:cow":7},"minecraft:crafted":{"minecraft:cooked_beef":7,"minecraft:oak_planks":1028,"minecraft:emerald":62,"minecraft:cooked_porkchop":6,"minecraft:crafting_table":2,"minecraft:iron_helmet":1,"minecraft:baked_potato":58,"minecraft:iron_sword":1,"minecraft:furnace":2,"minecraft:stone_axe":1,"minecraft:bread":69,"minecraft:cooked_mutton":6,"minecraft:air":0,"minecraft:glass":64,"minecraft:iron_boots":1,"minecraft:iron_chestplate":1,"minecraft:shield":1,"minecraft:iron_axe":1,"minecraft:stick":2008,"minecraft:iron_ingot":21,"minecraft:iron_pickaxe":3,"minecraft:diamond_boots":1,"minecraft:iron_leggings":1,"minecraft:white_bed":1,"minecraft:acacia_planks":24,"minecraft:wheat":207,"minecraft:diamond_chestplate":1}},"DataVersion":3953}