{"stats":{"minecraft:custom":{"minecraft:mob_kills":59,"minecraft:interact_with_crafting_table":17,"minecraft:leave_game":6,"minecraft:time_since_death":63803,"minecraft:climb_one_cm":707,"minecraft:sprint_one_cm":286453,"minecraft:walk_one_cm":273971,"minecraft:damage_blocked_by_shield":1637,"minecraft:drop":28,"minecraft:talked_to_villager":22,"minecraft:play_time":125893,"minecraft:sneak_time":3585,"minecraft:deaths":1,"minecraft:walk_under_water_one_cm":17665,"minecraft:jump":2546,"minecraft:walk_on_water_one_cm":32191,"minecraft:total_world_time":125893,"minecraft:interact_with_furnace":46,"minecraft:traded_with_villager":64,"minecraft:sleep_in_bed":14,"minecraft:time_since_rest":25098,"minecraft:damage_taken":2872,"minecraft:damage_dealt":9348,"minecraft:swim_one_cm":22624,"minecraft:fly_one_cm":408743,"minecraft:open_chest":28,"minecraft:crouch_one_cm":6212,"minecraft:fall_one_cm":86733},"minecraft:picked_up":{"minecraft:iron_chestplate":1,"minecraft:crafting_table":7,"minecraft:chicken":2,"minecraft:shield":1,"minecraft:string":4,"minecraft:iron_leggings":1,"minecraft:cobbled_deepslate":36,"minecraft:beef":19,"minecraft:iron_pickaxe":1,"minecraft:melon_slice":26,"minecraft:sugar_cane":6,"minecraft:iron_boots":1,"minecraft:furnace":10,"minecraft:raw_iron":42,"minecraft:stick":2,"minecraft:acacia_log":6,"minecraft:porkchop":6,"minecraft:diorite":1,"minecraft:carrot":5,"minecraft:redstone":114,"minecraft:stone_sword":2,"minecraft:arrow":7,"minecraft:rotten_flesh":32,"minecraft:hay_block":23,"minecraft:mutton":10,"minecraft:rail":44,"minecraft:cobblestone":55,"minecraft:white_wool":9,"minecraft:feather":6,"minecraft:cooked_beef":17,"minecraft:andesite":1,"minecraft:leather":20,"minecraft:potato":82,"minecraft:flint":1,"minecraft:oak_log":142,"minecraft:gunpowder":1,"minecraft:dirt":15,"minecraft:bone":4,"minecraft:apple":1,"minecraft:bow":1,"minecraft:wheat_seeds":41,"minecraft:raw_gold":22,"minecraft:iron_ingot":10,"minecraft:stone_pickaxe":2,"minecraft:glass_bottle":2,"minecraft:bamboo":1,"minecraft:oak_planks":29,"minecraft:poisonous_potato":1,"minecraft:white_bed":2,"minecraft:spider_eye":1,"minecraft:diamond":9,"minecraft:stone_axe":1,"minecraft:iron_helmet":1,"minecraft:granite":2,"minecraft:bread":12,"minecraft:emerald":6,"minecraft:oak_sapling":13,"minecraft:coal":40},"minecraft:mined":{"minecraft:white_bed":2,"minecraft:deepslate_diamond_ore":9,"minecraft:granite":2,"minecraft:acacia_log":6,"minecraft:grass_block":6,"minecraft:hay_block":24,"minecraft:furnace":8,"minecraft:carrots":1,"minecraft:iron_ore":32,"minecraft:cobbled_deepslate":1,"minecraft:andesite":1,"minecraft:dirt_path":1,"minecraft:potatoes":22,"minecraft:deepslate_iron_ore":11,"minecraft:rail":44,"minecraft:stone":39,"minecraft:deepslate_redstone_ore":24,"minecraft:crafting_table":8,"minecraft:short_grass":59,"minecraft:emerald_ore":3,"minecraft:melon":6,"minecraft:cobblestone":4,"minecraft:tall_grass":7,"minecraft:deepslate_gold_ore":22,"minecraft:sugar_cane":1,"minecraft:oak_planks":5,"minecraft:birch_leaves":3,"minecraft:oak_log":141,"minecraft:coal_ore":20,"minecraft:gravel":1,"minecraft:dirt":8,"minecraft:fern":1,"minecraft:oak_leaves":54,"minecraft:deepslate":29},"minecraft:broken":{"minecraft:stone_axe":1},"minecraft:used":{"minecraft:stone_sword":66,"minecraft:shield":58,"minecraft:iron_sword":57,"minecraft:rotten_flesh":1,"minecraft:iron_chestplate":1,"minecraft:dirt":15,"minecraft:granite":2,"minecraft:iron_axe":158,"minecraft:iron_helmet":1,"minecraft:iron_boots":1,"minecraft:bamboo":1,"minecraft:oak_sapling":10,"minecraft:furnace":8,"minecraft:cooked_beef":4,"minecraft:potato":24,"minecraft:acacia_planks":9,"minecraft:cobbled_deepslate":24,"minecraft:iron_leggings":1,"minecraft:water_bucket":8,"minecraft:diorite":1,"minecraft:stone_pickaxe":36,"minecraft:baked_potato":11,"minecraft:oak_planks":27,"minecraft:crafting_table":9,"minecraft:white_bed":3,"minecraft:melon_slice":26,"minecraft:chicken":2,"minecraft:bread":19,"minecraft:iron_pickaxe":219,"minecraft:stone_axe":134,"minecraft:cobblestone":29,"minecraft:cooked_porkchop":6,"minecraft:bucket":9,"minecraft:andesite":1},"minecraft:killed_by":{"minecraft:zombie":1},"minecraft:dropped":{"minecraft:iron_ingot":3,"minecraft:bread":50,"minecraft:cooked_beef":10,"minecraft:raw_iron":2},"minecraft:killed":{"minecraft:witch":1,"minecraft:spider":2,"minecraft:skeleton":5,"minecraft:chicken":2,"minecraft:drowned":1,"minecraft:pig":3,"minecraft:sheep":7,"minecraft:zombie":27,"minecraft:cow":7},"minecraft:crafted":{"minecraft:oak_planks":1028,"minecraft:furnace":2,"minecraft:cooked_mutton":6,"minecraft:glass":64,"minecraft:iron_boots":1,"minecraft:iron_axe":1,"minecraft:diamond_boots":1,"minecraft:wheat":207,"minecraft:cooked_beef":7,"minecraft:emerald":62,"minecraft:cooked_porkchop":6,"minecraft:crafting_table":2,"minecraft:baked_potato":58,"minecraft:iron_helmet":1,"minecraft:iron_sword":1,"minecraft:stone_axe":1,"minecraft:bread":69,"minecraft:air":0,"minecraft:iron_chestplate":1,"minecraft:shield":1,"minecraft:stick":2008,"minecraft:iron_ingot":21,"minecraft:iron_pickaxe":3,"minecraft:iron_leggings":1,"minecraft:white_bed":1,"minecraft:acacia_planks":24,"minecraft:diamond_chestplate":1}},"DataVersion":3953}