{"stats":{"minecraft:custom":{"minecraft:mob_kills":74,"minecraft:interact_with_crafting_table":22,"minecraft:leave_game":7,"minecraft:time_since_death":23547,"minecraft:climb_one_cm":707,"minecraft:sprint_one_cm":437835,"minecraft:walk_one_cm":407535,"minecraft:damage_blocked_by_shield":2401,"minecraft:drop":34,"minecraft:talked_to_villager":23,"minecraft:play_time":172710,"minecraft:deaths":2,"minecraft:sneak_time":4960,"minecraft:walk_under_water_one_cm":34085,"minecraft:jump":3470,"minecraft:walk_on_water_one_cm":53083,"minecraft:total_world_time":172710,"minecraft:interact_with_furnace":52,"minecraft:traded_with_villager":73,"minecraft:sleep_in_bed":14,"minecraft:time_since_rest":23635,"minecraft:damage_taken":3943,"minecraft:damage_dealt":12207,"minecraft:fly_one_cm":551294,"minecraft:swim_one_cm":66853,"minecraft:open_chest":48,"minecraft:crouch_one_cm":8414,"minecraft:fall_one_cm":115595},"minecraft:picked_up":{"minecraft:iron_chestplate":1,"minecraft:crafting_table":7,"minecraft:chicken":2,"minecraft:shield":1,"minecraft:string":6,"minecraft:iron_leggings":1,"minecraft:cobbled_deepslate":114,"minecraft:beef":23,"minecraft:iron_pickaxe":1,"minecraft:melon_slice":26,"minecraft:sugar_cane":6,"minecraft:iron_boots":1,"minecraft:furnace":10,"minecraft:stick":4,"minecraft:raw_iron":57,"minecraft:torch":1,"minecraft:acacia_log":6,"minecraft:porkchop":11,"minecraft:diorite":1,"minecraft:carrot":56,"minecraft:redstone":158,"minecraft:stone_pressure_plate":1,"minecraft:rotten_flesh":44,"minecraft:stone_sword":2,"minecraft:arrow":7,"minecraft:hay_block":23,"minecraft:mutton":10,"minecraft:cobblestone":56,"minecraft:white_wool":9,"minecraft:rail":97,"minecraft:feather":6,"minecraft:cooked_beef":17,"minecraft:andesite":1,"minecraft:cut_sandstone":1,"minecraft:leather":22,"minecraft:potato":102,"minecraft:flint":1,"minecraft:tuff":3,"minecraft:oak_log":197,"minecraft:gunpowder":1,"minecraft:dirt":15,"minecraft:orange_terracotta":1,"minecraft:bone":7,"minecraft:apple":1,"minecraft:bow":1,"minecraft:wheat_seeds":44,"minecraft:raw_gold":39,"minecraft:stone_pickaxe":2,"minecraft:iron_ingot":10,"minecraft:glass_bottle":2,"minecraft:bamboo":1,"minecraft:oak_planks":33,"minecraft:poisonous_potato":2,"minecraft:gravel":3,"minecraft:white_bed":2,"minecraft:spider_eye":1,"minecraft:diamond":32,"minecraft:stone_axe":1,"minecraft:iron_helmet":1,"minecraft:granite":2,"minecraft:emerald":6,"minecraft:bread":12,"minecraft:oak_sapling":17,"minecraft:coal":40,"minecraft:diamond_pickaxe":1},"minecraft:mined":{"minecraft:tuff":3,"minecraft:stone_pressure_plate":1,"minecraft:white_bed":2,"minecraft:deepslate_diamond_ore":29,"minecraft:granite":2,"minecraft:acacia_log":6,"minecraft:grass_block":6,"minecraft:redstone_wire":1,"minecraft:spawner":1,"minecraft:hay_block":24,"minecraft:furnace":8,"minecraft:carrots":15,"minecraft:iron_ore":34,"minecraft:cobbled_deepslate":7,"minecraft:andesite":1,"minecraft:potatoes":28,"minecraft:deepslate_iron_ore":24,"minecraft:dirt_path":1,"minecraft:rail":97,"minecraft:stone":40,"minecraft:deepslate_redstone_ore":34,"minecraft:cut_sandstone":1,"minecraft:orange_terracotta":1,"minecraft:crafting_table":8,"minecraft:short_grass":68,"minecraft:emerald_ore":3,"minecraft:melon":6,"minecraft:tall_grass":12,"minecraft:cobblestone":4,"minecraft:deepslate_gold_ore":39,"minecraft:oak_planks":6,"minecraft:sugar_cane":1,"minecraft:birch_leaves":3,"minecraft:oak_log":196,"minecraft:coal_ore":20,"minecraft:gravel":3,"minecraft:dirt":8,"minecraft:cobweb":14,"minecraft:oak_leaves":75,"minecraft:fern":1,"minecraft:deepslate":96},"minecraft:broken":{"minecraft:stone_axe":1,"minecraft:iron_pickaxe":1},"minecraft:used":{"minecraft:stone_sword":66,"minecraft:redstone":3,"minecraft:shield":68,"minecraft:iron_sword":87,"minecraft:rotten_flesh":1,"minecraft:iron_chestplate":2,"minecraft:torch":27,"minecraft:dirt":15,"minecraft:carrot":30,"minecraft:granite":2,"minecraft:iron_axe":231,"minecraft:iron_helmet":2,"minecraft:iron_boots":2,"minecraft:bamboo":1,"minecraft:oak_sapling":12,"minecraft:furnace":8,"minecraft:cooked_beef":4,"minecraft:potato":30,"minecraft:cobbled_deepslate":98,"minecraft:acacia_planks":9,"minecraft:iron_leggings":1,"minecraft:water_bucket":12,"minecraft:diorite":1,"minecraft:stone_pickaxe":36,"minecraft:baked_potato":20,"minecraft:oak_planks":31,"minecraft:diamond_axe":34,"minecraft:crafting_table":9,"minecraft:white_bed":3,"minecraft:diamond_pickaxe":40,"minecraft:apple":1,"minecraft:melon_slice":26,"minecraft:chicken":2,"minecraft:bread":19,"minecraft:string":2,"minecraft:iron_pickaxe":375,"minecraft:gravel":3,"minecraft:stone_axe":134,"minecraft:cobblestone":29,"minecraft:cooked_porkchop":6,"minecraft:poisonous_potato":1,"minecraft:andesite":1,"minecraft:bucket":13},"minecraft:killed_by":{"minecraft:zombie":1},"minecraft:dropped":{"minecraft:bread":50,"minecraft:iron_ingot":3,"minecraft:cooked_beef":10,"minecraft:redstone":128,"minecraft:bone":1,"minecraft:raw_iron":2,"minecraft:diamond_pickaxe":1,"minecraft:raw_gold":6},"minecraft:killed":{"minecraft:witch":1,"minecraft:spider":5,"minecraft:skeleton":9,"minecraft:chicken":2,"minecraft:drowned":1,"minecraft:pig":5,"minecraft:sheep":7,"minecraft:zombie":31,"minecraft:cow":9},"minecraft:crafted":{"minecraft:oak_planks":1168,"minecraft:furnace":2,"minecraft:cooked_mutton":6,"minecraft:glass":64,"minecraft:iron_boots":1,"minecraft:iron_axe":1,"minecraft:diamond_boots":1,"minecraft:wheat":207,"minecraft:cooked_beef":7,"minecraft:emerald":71,"minecraft:cooked_porkchop":6,"minecraft:diamond_axe":1,"minecraft:crafting_table":2,"minecraft:baked_potato":58,"minecraft:iron_helmet":1,"minecraft:iron_sword":1,"minecraft:stone_axe":1,"minecraft:bread":69,"minecraft:air":0,"minecraft:iron_chestplate":1,"minecraft:diamond_pickaxe":1,"minecraft:shield":1,"minecraft:stick":2288,"minecraft:iron_ingot":21,"minecraft:iron_pickaxe":3,"minecraft:iron_leggings":1,"minecraft:white_bed":1,"minecraft:acacia_planks":24,"minecraft:diamond_chestplate":1}},"DataVersion":3953}