{"stats":{"minecraft:mined":{"minecraft:white_bed":2,"minecraft:crafting_table":5,"minecraft:short_grass":52,"minecraft:acacia_log":6,"minecraft:emerald_ore":3,"minecraft:grass_block":5,"minecraft:melon":6,"minecraft:tall_grass":5,"minecraft:sugar_cane":1,"minecraft:hay_block":23,"minecraft:furnace":6,"minecraft:iron_ore":28,"minecraft:birch_leaves":2,"minecraft:oak_log":6,"minecraft:coal_ore":20,"minecraft:dirt_path":1,"minecraft:gravel":1,"minecraft:dirt":5,"minecraft:stone":25,"minecraft:oak_leaves":4,"minecraft:fern":1},"minecraft:dropped":{"minecraft:bread":13},"minecraft:crafted":{"minecraft:oak_planks":28,"minecraft:cooked_porkchop":6,"minecraft:crafting_table":2,"minecraft:iron_helmet":1,"minecraft:furnace":2,"minecraft:stone_axe":1,"minecraft:bread":54,"minecraft:air":0,"minecraft:iron_boots":1,"minecraft:iron_chestplate":1,"minecraft:shield":1,"minecraft:stick":4,"minecraft:iron_ingot":21,"minecraft:iron_pickaxe":1,"minecraft:white_bed":1,"minecraft:acacia_planks":24,"minecraft:wheat":162},"minecraft:picked_up":{"minecraft:crafting_table":5,"minecraft:feather":3,"minecraft:cooked_beef":2,"minecraft:chicken":2,"minecraft:leather":10,"minecraft:flint":1,"minecraft:oak_log":7,"minecraft:dirt":11,"minecraft:wheat_seeds":20,"minecraft:iron_ingot":6,"minecraft:beef":15,"minecraft:stone_pickaxe":1,"minecraft:bamboo":1,"minecraft:melon_slice":26,"minecraft:sugar_cane":3,"minecraft:oak_planks":4,"minecraft:furnace":6,"minecraft:raw_iron":27,"minecraft:acacia_log":6,"minecraft:porkchop":6,"minecraft:white_bed":2,"minecraft:stone_sword":1,"minecraft:hay_block":22,"minecraft:emerald":3,"minecraft:oak_sapling":2,"minecraft:mutton":10,"minecraft:cobblestone":25,"minecraft:coal":26,"minecraft:white_wool":6},"minecraft:killed":{"minecraft:pig":3,"minecraft:sheep":7,"minecraft:skeleton":1,"minecraft:zombie":1,"minecraft:chicken":2,"minecraft:drowned":1,"minecraft:cow":6},"minecraft:custom":{"minecraft:interact_with_furnace":18,"minecraft:mob_kills":21,"minecraft:interact_with_crafting_table":12,"minecraft:leave_game":3,"minecraft:time_since_death":55317,"minecraft:sleep_in_bed":10,"minecraft:climb_one_cm":707,"minecraft:time_since_rest":10159,"minecraft:sprint_one_cm":185906,"minecraft:damage_taken":1223,"minecraft:walk_one_cm":106315,"minecraft:damage_blocked_by_shield":276,"minecraft:drop":13,"minecraft:damage_dealt":2375,"minecraft:swim_one_cm":17897,"minecraft:fly_one_cm":269421,"minecraft:crouch_one_cm":828,"minecraft:play_time":55317,"minecraft:sneak_time":439,"minecraft:walk_under_water_one_cm":3678,"minecraft:jump":1444,"minecraft:walk_on_water_one_cm":6656,"minecraft:total_world_time":55317,"minecraft:fall_one_cm":49477},"minecraft:used":{"minecraft:stone_sword":52,"minecraft:stone_pickaxe":36,"minecraft:oak_planks":2,"minecraft:shield":7,"minecraft:iron_chestplate":1,"minecraft:dirt":11,"minecraft:crafting_table":6,"minecraft:white_bed":2,"minecraft:bread":7,"minecraft:chicken":2,"minecraft:melon_slice":26,"minecraft:iron_pickaxe":49,"minecraft:iron_helmet":1,"minecraft:iron_boots":1,"minecraft:bamboo":1,"minecraft:stone_axe":50,"minecraft:cobblestone":1,"minecraft:furnace":6,"minecraft:cooked_porkchop":6,"minecraft:acacia_planks":9}},"DataVersion":3953}