{"stats":{"minecraft:custom":{"minecraft:mob_kills":76,"minecraft:interact_with_crafting_table":24,"minecraft:leave_game":8,"minecraft:time_since_death":3571,"minecraft:climb_one_cm":1006,"minecraft:sprint_one_cm":504315,"minecraft:walk_one_cm":486801,"minecraft:damage_blocked_by_shield":2401,"minecraft:drop":35,"minecraft:talked_to_villager":25,"minecraft:play_time":210728,"minecraft:deaths":3,"minecraft:sneak_time":5292,"minecraft:walk_under_water_one_cm":35360,"minecraft:jump":3866,"minecraft:interact_with_blast_furnace":1,"minecraft:walk_on_water_one_cm":58237,"minecraft:total_world_time":210728,"minecraft:interact_with_furnace":53,"minecraft:traded_with_villager":78,"minecraft:sleep_in_bed":14,"minecraft:time_since_rest":3602,"minecraft:damage_taken":4461,"minecraft:damage_dealt":12691,"minecraft:swim_one_cm":72980,"minecraft:fly_one_cm":626084,"minecraft:open_chest":53,"minecraft:crouch_one_cm":9164,"minecraft:fall_one_cm":123959,"minecraft:horse_one_cm":1401429},"minecraft:picked_up":{"minecraft:iron_chestplate":1,"minecraft:crafting_table":7,"minecraft:chicken":2,"minecraft:shield":1,"minecraft:string":7,"minecraft:iron_leggings":1,"minecraft:cobbled_deepslate":115,"minecraft:beef":23,"minecraft:iron_pickaxe":1,"minecraft:lectern":1,"minecraft:melon_slice":26,"minecraft:sugar_cane":87,"minecraft:furnace":10,"minecraft:iron_boots":1,"minecraft:stick":18,"minecraft:raw_iron":57,"minecraft:sandstone":2,"minecraft:acacia_log":6,"minecraft:torch":1,"minecraft:green_bed":1,"minecraft:porkchop":11,"minecraft:diorite":1,"minecraft:carrot":56,"minecraft:redstone":158,"minecraft:stone_pressure_plate":1,"minecraft:rotten_flesh":44,"minecraft:stone_sword":2,"minecraft:arrow":7,"minecraft:hay_block":75,"minecraft:mutton":10,"minecraft:cobblestone":56,"minecraft:rail":97,"minecraft:white_wool":9,"minecraft:lime_bed":2,"minecraft:cooked_beef":17,"minecraft:feather":6,"minecraft:andesite":1,"minecraft:leather":22,"minecraft:cut_sandstone":1,"minecraft:potato":102,"minecraft:flint":1,"minecraft:tuff":3,"minecraft:oak_log":406,"minecraft:gunpowder":1,"minecraft:dirt":15,"minecraft:orange_terracotta":1,"minecraft:bone":8,"minecraft:apple":4,"minecraft:bow":1,"minecraft:wheat_seeds":45,"minecraft:raw_gold":39,"minecraft:iron_ingot":10,"minecraft:stone_pickaxe":2,"minecraft:glass_bottle":2,"minecraft:bamboo":1,"minecraft:oak_planks":33,"minecraft:book":27,"minecraft:poisonous_potato":2,"minecraft:gravel":3,"minecraft:blast_furnace":1,"minecraft:white_bed":2,"minecraft:cyan_bed":2,"minecraft:spider_eye":1,"minecraft:diamond":32,"minecraft:stone_axe":1,"minecraft:iron_helmet":1,"minecraft:granite":2,"minecraft:emerald":6,"minecraft:bread":12,"minecraft:oak_sapling":31,"minecraft:coal":40,"minecraft:diamond_pickaxe":1},"minecraft:mined":{"minecraft:tuff":3,"minecraft:stone_pressure_plate":1,"minecraft:white_bed":2,"minecraft:deepslate_diamond_ore":29,"minecraft:granite":2,"minecraft:acacia_log":6,"minecraft:grass_block":6,"minecraft:redstone_wire":1,"minecraft:sandstone":2,"minecraft:spawner":1,"minecraft:hay_block":76,"minecraft:furnace":8,"minecraft:carrots":15,"minecraft:iron_ore":34,"minecraft:cobbled_deepslate":8,"minecraft:andesite":1,"minecraft:bookshelf":9,"minecraft:potatoes":28,"minecraft:deepslate_iron_ore":24,"minecraft:dirt_path":1,"minecraft:rail":97,"minecraft:stone":40,"minecraft:green_bed":1,"minecraft:deepslate_redstone_ore":34,"minecraft:cut_sandstone":1,"minecraft:orange_terracotta":1,"minecraft:crafting_table":8,"minecraft:short_grass":68,"minecraft:blast_furnace":1,"minecraft:emerald_ore":3,"minecraft:melon":6,"minecraft:lectern":1,"minecraft:cobblestone":4,"minecraft:tall_grass":12,"minecraft:deepslate_gold_ore":39,"minecraft:cyan_bed":2,"minecraft:sugar_cane":49,"minecraft:oak_planks":6,"minecraft:lime_bed":2,"minecraft:birch_leaves":4,"minecraft:coal_ore":20,"minecraft:oak_log":405,"minecraft:gravel":3,"minecraft:dirt":8,"minecraft:cobweb":14,"minecraft:oak_leaves":125,"minecraft:fern":1,"minecraft:deepslate":96},"minecraft:broken":{"minecraft:stone_axe":1,"minecraft:iron_pickaxe":1},"minecraft:used":{"minecraft:stone_sword":66,"minecraft:redstone":3,"minecraft:shield":68,"minecraft:iron_sword":87,"minecraft:rotten_flesh":1,"minecraft:iron_chestplate":2,"minecraft:torch":27,"minecraft:dirt":15,"minecraft:carrot":33,"minecraft:granite":2,"minecraft:iron_axe":231,"minecraft:iron_helmet":2,"minecraft:iron_boots":2,"minecraft:bamboo":1,"minecraft:furnace":8,"minecraft:oak_sapling":12,"minecraft:cooked_beef":4,"minecraft:potato":30,"minecraft:acacia_planks":9,"minecraft:cobbled_deepslate":99,"minecraft:orange_terracotta":1,"minecraft:iron_leggings":1,"minecraft:water_bucket":12,"minecraft:diorite":1,"minecraft:stone_pickaxe":36,"minecraft:oak_planks":39,"minecraft:baked_potato":20,"minecraft:sandstone":2,"minecraft:cut_sandstone":1,"minecraft:green_bed":1,"minecraft:diamond_axe":324,"minecraft:sugar_cane":69,"minecraft:sand":6,"minecraft:crafting_table":9,"minecraft:lime_bed":2,"minecraft:blast_furnace":1,"minecraft:white_bed":3,"minecraft:diamond_pickaxe":45,"minecraft:apple":1,"minecraft:bread":25,"minecraft:cyan_bed":2,"minecraft:chicken":2,"minecraft:melon_slice":26,"minecraft:string":2,"minecraft:iron_pickaxe":375,"minecraft:gravel":3,"minecraft:stone_axe":134,"minecraft:cobblestone":30,"minecraft:cooked_porkchop":6,"minecraft:poisonous_potato":1,"minecraft:bucket":13,"minecraft:andesite":1},"minecraft:killed_by":{"minecraft:skeleton":1,"minecraft:zombie":1},"minecraft:dropped":{"minecraft:bread":50,"minecraft:iron_ingot":3,"minecraft:cooked_beef":10,"minecraft:leather":2,"minecraft:redstone":128,"minecraft:bone":1,"minecraft:raw_iron":2,"minecraft:diamond_pickaxe":1,"minecraft:raw_gold":6},"minecraft:killed":{"minecraft:witch":1,"minecraft:spider":5,"minecraft:skeleton":10,"minecraft:chicken":2,"minecraft:drowned":1,"minecraft:pig":5,"minecraft:sheep":7,"minecraft:zombie":32,"minecraft:cow":9},"minecraft:crafted":{"minecraft:oak_planks":1248,"minecraft:furnace":2,"minecraft:cooked_mutton":6,"minecraft:glass":64,"minecraft:iron_boots":1,"minecraft:iron_axe":1,"minecraft:diamond_boots":1,"minecraft:wheat":675,"minecraft:cooked_beef":7,"minecraft:emerald":76,"minecraft:cooked_porkchop":6,"minecraft:diamond_axe":1,"minecraft:crafting_table":2,"minecraft:baked_potato":58,"minecraft:iron_helmet":1,"minecraft:iron_sword":1,"minecraft:stone_axe":1,"minecraft:bread":225,"minecraft:air":0,"minecraft:iron_chestplate":1,"minecraft:diamond_pickaxe":1,"minecraft:shield":1,"minecraft:stick":2432,"minecraft:iron_ingot":21,"minecraft:iron_pickaxe":3,"minecraft:iron_leggings":1,"minecraft:white_bed":1,"minecraft:acacia_planks":24,"minecraft:diamond_chestplate":1}},"DataVersion":3953}