{"stats":{"minecraft:custom":{"minecraft:interact_with_furnace":29,"minecraft:mob_kills":26,"minecraft:traded_with_villager":26,"minecraft:interact_with_crafting_table":15,"minecraft:leave_game":5,"minecraft:time_since_death":26268,"minecraft:sleep_in_bed":12,"minecraft:climb_one_cm":707,"minecraft:time_since_rest":18499,"minecraft:sprint_one_cm":242086,"minecraft:damage_taken":2170,"minecraft:walk_one_cm":168804,"minecraft:damage_blocked_by_shield":976,"minecraft:drop":28,"minecraft:damage_dealt":3303,"minecraft:swim_one_cm":20581,"minecraft:talked_to_villager":7,"minecraft:fly_one_cm":366944,"minecraft:open_chest":8,"minecraft:crouch_one_cm":2216,"minecraft:play_time":88358,"minecraft:deaths":1,"minecraft:sneak_time":1378,"minecraft:walk_under_water_one_cm":5744,"minecraft:jump":2014,"minecraft:walk_on_water_one_cm":9354,"minecraft:total_world_time":88358,"minecraft:fall_one_cm":73339},"minecraft:picked_up":{"minecraft:iron_chestplate":1,"minecraft:crafting_table":5,"minecraft:feather":6,"minecraft:cooked_beef":17,"minecraft:chicken":2,"minecraft:leather":20,"minecraft:flint":1,"minecraft:oak_log":26,"minecraft:shield":1,"minecraft:gunpowder":1,"minecraft:dirt":15,"minecraft:iron_leggings":1,"minecraft:bone":2,"minecraft:wheat_seeds":40,"minecraft:stone_pickaxe":2,"minecraft:iron_ingot":10,"minecraft:beef":19,"minecraft:iron_pickaxe":1,"minecraft:bamboo":1,"minecraft:melon_slice":26,"minecraft:sugar_cane":6,"minecraft:oak_planks":29,"minecraft:iron_boots":1,"minecraft:furnace":10,"minecraft:stick":2,"minecraft:raw_iron":29,"minecraft:acacia_log":6,"minecraft:porkchop":6,"minecraft:white_bed":2,"minecraft:stone_sword":2,"minecraft:rotten_flesh":9,"minecraft:stone_axe":1,"minecraft:iron_helmet":1,"minecraft:hay_block":23,"minecraft:bread":12,"minecraft:emerald":6,"minecraft:oak_sapling":3,"minecraft:mutton":10,"minecraft:coal":40,"minecraft:white_wool":9,"minecraft:cobblestone":52},"minecraft:mined":{"minecraft:white_bed":2,"minecraft:crafting_table":6,"minecraft:short_grass":56,"minecraft:emerald_ore":3,"minecraft:acacia_log":6,"minecraft:grass_block":6,"minecraft:melon":6,"minecraft:tall_grass":5,"minecraft:cobblestone":4,"minecraft:oak_planks":5,"minecraft:sugar_cane":1,"minecraft:hay_block":24,"minecraft:furnace":8,"minecraft:iron_ore":30,"minecraft:birch_leaves":2,"minecraft:oak_log":25,"minecraft:coal_ore":20,"minecraft:dirt_path":1,"minecraft:gravel":1,"minecraft:dirt":8,"minecraft:stone":33,"minecraft:oak_leaves":8,"minecraft:fern":1},"minecraft:used":{"minecraft:stone_sword":66,"minecraft:stone_pickaxe":36,"minecraft:oak_planks":27,"minecraft:shield":35,"minecraft:iron_chestplate":1,"minecraft:dirt":15,"minecraft:crafting_table":7,"minecraft:white_bed":3,"minecraft:bread":16,"minecraft:chicken":2,"minecraft:melon_slice":26,"minecraft:iron_pickaxe":65,"minecraft:iron_helmet":1,"minecraft:iron_boots":1,"minecraft:bamboo":1,"minecraft:stone_axe":90,"minecraft:cobblestone":26,"minecraft:oak_sapling":1,"minecraft:furnace":8,"minecraft:cooked_porkchop":6,"minecraft:cooked_beef":4,"minecraft:acacia_planks":9,"minecraft:iron_leggings":1},"minecraft:killed_by":{"minecraft:zombie":1},"minecraft:dropped":{"minecraft:bread":50,"minecraft:iron_ingot":3,"minecraft:cooked_beef":10,"minecraft:raw_iron":2},"minecraft:killed":{"minecraft:pig":3,"minecraft:sheep":7,"minecraft:skeleton":1,"minecraft:zombie":3,"minecraft:chicken":2,"minecraft:drowned":1,"minecraft:cow":7},"minecraft:crafted":{"minecraft:cooked_beef":7,"minecraft:oak_planks":448,"minecraft:emerald":26,"minecraft:cooked_porkchop":6,"minecraft:crafting_table":2,"minecraft:iron_helmet":1,"minecraft:furnace":2,"minecraft:stone_axe":1,"minecraft:bread":69,"minecraft:cooked_mutton":6,"minecraft:air":0,"minecraft:iron_boots":1,"minecraft:iron_chestplate":1,"minecraft:shield":1,"minecraft:stick":844,"minecraft:iron_ingot":21,"minecraft:iron_pickaxe":1,"minecraft:iron_leggings":1,"minecraft:white_bed":1,"minecraft:acacia_planks":24,"minecraft:wheat":207}},"DataVersion":3953}