{"stats":{"minecraft:mined":{"minecraft:crafting_table":3,"minecraft:short_grass":48,"minecraft:acacia_log":6,"minecraft:grass_block":5,"minecraft:melon":6,"minecraft:tall_grass":5,"minecraft:sugar_cane":1,"minecraft:hay_block":19,"minecraft:furnace":4,"minecraft:iron_ore":9,"minecraft:oak_log":6,"minecraft:coal_ore":4,"minecraft:dirt_path":1,"minecraft:dirt":5,"minecraft:stone":20,"minecraft:oak_leaves":4,"minecraft:fern":1},"minecraft:dropped":{"minecraft:bread":13},"minecraft:crafted":{"minecraft:oak_planks":20,"minecraft:cooked_porkchop":6,"minecraft:crafting_table":2,"minecraft:iron_helmet":1,"minecraft:furnace":2,"minecraft:stone_axe":1,"minecraft:bread":54,"minecraft:air":0,"minecraft:shield":1,"minecraft:stick":4,"minecraft:iron_ingot":7,"minecraft:iron_pickaxe":1,"minecraft:acacia_planks":24,"minecraft:wheat":162},"minecraft:picked_up":{"minecraft:crafting_table":3,"minecraft:feather":3,"minecraft:cooked_beef":2,"minecraft:chicken":2,"minecraft:leather":5,"minecraft:oak_log":7,"minecraft:dirt":11,"minecraft:wheat_seeds":18,"minecraft:iron_ingot":2,"minecraft:beef":9,"minecraft:stone_pickaxe":1,"minecraft:melon_slice":26,"minecraft:sugar_cane":3,"minecraft:oak_planks":4,"minecraft:furnace":4,"minecraft:raw_iron":9,"minecraft:acacia_log":6,"minecraft:porkchop":6,"minecraft:stone_sword":1,"minecraft:hay_block":18,"minecraft:oak_sapling":2,"minecraft:cobblestone":20,"minecraft:mutton":6,"minecraft:coal":5,"minecraft:white_wool":3},"minecraft:killed":{"minecraft:pig":3,"minecraft:sheep":3,"minecraft:skeleton":1,"minecraft:chicken":2,"minecraft:drowned":1,"minecraft:cow":3},"minecraft:custom":{"minecraft:interact_with_furnace":12,"minecraft:mob_kills":13,"minecraft:interact_with_crafting_table":8,"minecraft:leave_game":2,"minecraft:time_since_death":31233,"minecraft:climb_one_cm":165,"minecraft:time_since_rest":31233,"minecraft:sprint_one_cm":102598,"minecraft:damage_taken":558,"minecraft:walk_one_cm":65261,"minecraft:damage_blocked_by_shield":251,"minecraft:drop":13,"minecraft:damage_dealt":1555,"minecraft:swim_one_cm":10294,"minecraft:fly_one_cm":107496,"minecraft:crouch_one_cm":460,"minecraft:play_time":31233,"minecraft:sneak_time":214,"minecraft:walk_under_water_one_cm":2268,"minecraft:jump":685,"minecraft:walk_on_water_one_cm":6461,"minecraft:total_world_time":31233,"minecraft:fall_one_cm":19500},"minecraft:used":{"minecraft:stone_sword":52,"minecraft:stone_pickaxe":36,"minecraft:shield":6,"minecraft:dirt":8,"minecraft:crafting_table":4,"minecraft:melon_slice":26,"minecraft:chicken":2,"minecraft:bread":4,"minecraft:iron_pickaxe":2,"minecraft:iron_helmet":1,"minecraft:stone_axe":30,"minecraft:cobblestone":1,"minecraft:furnace":4,"minecraft:acacia_planks":9}},"DataVersion":3953}