{"stats":{"minecraft:mined":{"minecraft:white_bed":2,"minecraft:crafting_table":6,"minecraft:short_grass":54,"minecraft:acacia_log":6,"minecraft:emerald_ore":3,"minecraft:grass_block":5,"minecraft:melon":6,"minecraft:cobblestone":2,"minecraft:tall_grass":5,"minecraft:sugar_cane":1,"minecraft:hay_block":24,"minecraft:furnace":8,"minecraft:iron_ore":28,"minecraft:birch_leaves":2,"minecraft:oak_log":6,"minecraft:coal_ore":20,"minecraft:dirt_path":1,"minecraft:gravel":1,"minecraft:dirt":8,"minecraft:stone":33,"minecraft:oak_leaves":4,"minecraft:fern":1},"minecraft:dropped":{"minecraft:iron_ingot":3,"minecraft:bread":50},"minecraft:crafted":{"minecraft:cooked_beef":7,"minecraft:oak_planks":28,"minecraft:cooked_porkchop":6,"minecraft:crafting_table":2,"minecraft:iron_helmet":1,"minecraft:furnace":2,"minecraft:stone_axe":1,"minecraft:cooked_mutton":6,"minecraft:bread":69,"minecraft:air":0,"minecraft:iron_boots":1,"minecraft:iron_chestplate":1,"minecraft:shield":1,"minecraft:stick":4,"minecraft:iron_ingot":21,"minecraft:iron_pickaxe":1,"minecraft:iron_leggings":1,"minecraft:white_bed":1,"minecraft:acacia_planks":24,"minecraft:wheat":207},"minecraft:picked_up":{"minecraft:iron_chestplate":1,"minecraft:crafting_table":5,"minecraft:feather":6,"minecraft:cooked_beef":15,"minecraft:chicken":2,"minecraft:leather":20,"minecraft:flint":1,"minecraft:oak_log":7,"minecraft:shield":1,"minecraft:dirt":14,"minecraft:iron_leggings":1,"minecraft:wheat_seeds":40,"minecraft:iron_ingot":10,"minecraft:beef":19,"minecraft:stone_pickaxe":2,"minecraft:iron_pickaxe":1,"minecraft:bamboo":1,"minecraft:melon_slice":26,"minecraft:sugar_cane":6,"minecraft:oak_planks":24,"minecraft:iron_boots":1,"minecraft:furnace":10,"minecraft:raw_iron":27,"minecraft:acacia_log":6,"minecraft:porkchop":6,"minecraft:white_bed":2,"minecraft:stone_sword":2,"minecraft:rotten_flesh":8,"minecraft:stone_axe":1,"minecraft:iron_helmet":1,"minecraft:hay_block":23,"minecraft:bread":12,"minecraft:emerald":6,"minecraft:oak_sapling":2,"minecraft:mutton":10,"minecraft:cobblestone":50,"minecraft:coal":40,"minecraft:white_wool":9},"minecraft:killed":{"minecraft:pig":3,"minecraft:sheep":7,"minecraft:skeleton":1,"minecraft:zombie":3,"minecraft:chicken":2,"minecraft:drowned":1,"minecraft:cow":7},"minecraft:custom":{"minecraft:interact_with_furnace":29,"minecraft:mob_kills":25,"minecraft:interact_with_crafting_table":14,"minecraft:leave_game":4,"minecraft:time_since_death":2983,"minecraft:sleep_in_bed":11,"minecraft:climb_one_cm":707,"minecraft:time_since_rest":3022,"minecraft:sprint_one_cm":196283,"minecraft:damage_taken":1933,"minecraft:walk_one_cm":125832,"minecraft:damage_blocked_by_shield":976,"minecraft:drop":17,"minecraft:damage_dealt":3108,"minecraft:talked_to_villager":1,"minecraft:swim_one_cm":17897,"minecraft:fly_one_cm":286328,"minecraft:deaths":1,"minecraft:crouch_one_cm":2026,"minecraft:play_time":65073,"minecraft:sneak_time":1279,"minecraft:walk_under_water_one_cm":4239,"minecraft:jump":1550,"minecraft:walk_on_water_one_cm":9243,"minecraft:total_world_time":65073,"minecraft:fall_one_cm":59446},"minecraft:killed_by":{"minecraft:zombie":1},"minecraft:used":{"minecraft:stone_sword":65,"minecraft:stone_pickaxe":36,"minecraft:oak_planks":2,"minecraft:shield":35,"minecraft:iron_chestplate":1,"minecraft:dirt":14,"minecraft:crafting_table":7,"minecraft:white_bed":3,"minecraft:bread":9,"minecraft:chicken":2,"minecraft:melon_slice":26,"minecraft:iron_pickaxe":61,"minecraft:iron_helmet":1,"minecraft:iron_boots":1,"minecraft:bamboo":1,"minecraft:stone_axe":59,"minecraft:cobblestone":13,"minecraft:furnace":8,"minecraft:cooked_porkchop":6,"minecraft:cooked_beef":2,"minecraft:acacia_planks":9,"minecraft:iron_leggings":1}},"DataVersion":3953}