{"stats":{"minecraft:mined":{"minecraft:short_grass":39,"minecraft:acacia_log":6,"minecraft:grass_block":5,"minecraft:dirt":4,"minecraft:tall_grass":2,"minecraft:stone":14},"minecraft:crafted":{"minecraft:acacia_planks":24},"minecraft:picked_up":{"minecraft:stone_sword":1,"minecraft:wheat_seeds":8,"minecraft:acacia_log":6,"minecraft:stone_pickaxe":1,"minecraft:dirt":9,"minecraft:cobblestone":14},"minecraft:custom":{"minecraft:time_since_rest":6535,"minecraft:crouch_one_cm":69,"minecraft:play_time":6535,"minecraft:sprint_one_cm":16159,"minecraft:damage_taken":10,"minecraft:walk_one_cm":8049,"minecraft:sneak_time":60,"minecraft:walk_under_water_one_cm":437,"minecraft:jump":97,"minecraft:leave_game":1,"minecraft:walk_on_water_one_cm":777,"minecraft:time_since_death":6535,"minecraft:total_world_time":6535,"minecraft:swim_one_cm":1188,"minecraft:fall_one_cm":3377,"minecraft:fly_one_cm":23483},"minecraft:used":{"minecraft:dirt":8,"minecraft:stone_sword":20,"minecraft:stone_pickaxe":14}},"DataVersion":3953}