{"stats":{"minecraft:mined":{"minecraft:coal_ore":1,"minecraft:oak_log":13,"minecraft:stone":37,"minecraft:oak_leaves":2,"minecraft:crafting_table":1},"minecraft:crafted":{"minecraft:furnace":1,"minecraft:oak_planks":32,"minecraft:stone_axe":2,"minecraft:crafting_table":1,"minecraft:cooked_mutton":3,"minecraft:stone_pickaxe":1,"minecraft:stick":8,"minecraft:wooden_pickaxe":1,"minecraft:wooden_axe":1},"minecraft:picked_up":{"minecraft:stick":4,"minecraft:crafting_table":1,"minecraft:porkchop":1,"minecraft:oak_log":13,"minecraft:light_gray_wool":1,"minecraft:oak_sapling":4,"minecraft:coal":1,"minecraft:mutton":9,"minecraft:white_wool":4,"minecraft:cobblestone":32},"minecraft:killed":{"minecraft:sheep":5,"minecraft:pig":1},"minecraft:custom":{"minecraft:time_since_rest":11956,"minecraft:interact_with_furnace":3,"minecraft:play_time":11956,"minecraft:sprint_one_cm":23458,"minecraft:walk_one_cm":18870,"minecraft:mob_kills":6,"minecraft:jump":124,"minecraft:damage_dealt":500,"minecraft:time_since_death":11956,"minecraft:walk_on_water_one_cm":2043,"minecraft:total_world_time":11956,"minecraft:fall_one_cm":1312,"minecraft:interact_with_crafting_table":9,"minecraft:fly_one_cm":22251},"minecraft:used":{"minecraft:wooden_axe":18,"minecraft:crafting_table":2,"minecraft:furnace":1,"minecraft:stone_pickaxe":3,"minecraft:wooden_pickaxe":35}},"DataVersion":3953}