{"stats":{"minecraft:custom":{"minecraft:interact_with_furnace":8,"minecraft:mob_kills":12,"minecraft:interact_with_crafting_table":15,"minecraft:leave_game":4,"minecraft:time_since_death":90958,"minecraft:sleep_in_bed":3,"minecraft:climb_one_cm":218,"minecraft:time_since_rest":33806,"minecraft:sprint_one_cm":271291,"minecraft:damage_taken":727,"minecraft:walk_one_cm":189624,"minecraft:damage_blocked_by_shield":184,"minecraft:drop":29,"minecraft:damage_dealt":3107,"minecraft:swim_one_cm":7103,"minecraft:fly_one_cm":310734,"minecraft:open_chest":10,"minecraft:crouch_one_cm":3128,"minecraft:play_time":90958,"minecraft:sneak_time":777,"minecraft:walk_under_water_one_cm":4197,"minecraft:jump":1581,"minecraft:walk_on_water_one_cm":18768,"minecraft:total_world_time":90958,"minecraft:fall_one_cm":37363},"minecraft:picked_up":{"minecraft:crafting_table":5,"minecraft:wheat":17,"minecraft:oak_log":78,"minecraft:yellow_bed":3,"minecraft:dirt":18,"minecraft:red_bed":7,"minecraft:orange_terracotta":4,"minecraft:wheat_seeds":105,"minecraft:iron_ingot":7,"minecraft:stone_pickaxe":1,"minecraft:rose_bush":1,"minecraft:poppy":2,"minecraft:light_gray_wool":1,"minecraft:bamboo":11,"minecraft:chest":1,"minecraft:furnace":2,"minecraft:stick":9,"minecraft:raw_iron":5,"minecraft:oak_fence":7,"minecraft:porkchop":1,"minecraft:mossy_cobblestone":2,"minecraft:orange_bed":3,"minecraft:arrow":2,"minecraft:hay_block":10,"minecraft:bread":13,"minecraft:oak_sapling":9,"minecraft:mutton":13,"minecraft:coal":42,"minecraft:white_wool":10,"minecraft:cobblestone":94},"minecraft:mined":{"minecraft:red_bed":6,"minecraft:mossy_cobblestone":3,"minecraft:orange_terracotta":4,"minecraft:oak_fence":8,"minecraft:crafting_table":5,"minecraft:short_grass":21,"minecraft:grass_block":2,"minecraft:chest":1,"minecraft:rose_bush":1,"minecraft:cobblestone":39,"minecraft:tall_grass":6,"minecraft:hay_block":10,"minecraft:furnace":2,"minecraft:iron_ore":6,"minecraft:wheat":24,"minecraft:yellow_bed":3,"minecraft:oak_log":78,"minecraft:coal_ore":25,"minecraft:bamboo":1,"minecraft:stone":63,"minecraft:oak_leaves":16,"minecraft:orange_bed":3},"minecraft:used":{"minecraft:cooked_mutton":8,"minecraft:stone_pickaxe":83,"minecraft:oak_planks":18,"minecraft:shield":5,"minecraft:chest":1,"minecraft:wooden_pickaxe":35,"minecraft:stone_hoe":25,"minecraft:orange_bed":1,"minecraft:torch":9,"minecraft:mossy_cobblestone":2,"minecraft:crafting_table":6,"minecraft:red_bed":6,"minecraft:wooden_axe":18,"minecraft:iron_axe":3,"minecraft:bread":15,"minecraft:iron_pickaxe":28,"minecraft:stone_axe":141,"minecraft:bamboo":11,"minecraft:cobblestone":18,"minecraft:furnace":2,"minecraft:oak_sapling":4,"minecraft:orange_terracotta":1},"minecraft:dropped":{"minecraft:wheat_seeds":26,"minecraft:shears":1,"minecraft:wooden_axe":1,"minecraft:wooden_pickaxe":1},"minecraft:killed":{"minecraft:pig":1,"minecraft:iron_golem":2,"minecraft:creeper":1,"minecraft:skeleton":1,"minecraft:sheep":5,"minecraft:zombie":2},"minecraft:crafted":{"minecraft:oak_planks":56,"minecraft:crafting_table":1,"minecraft:wooden_pickaxe":1,"minecraft:furnace":1,"minecraft:stone_axe":2,"minecraft:bread":5,"minecraft:cooked_mutton":8,"minecraft:shield":1,"minecraft:iron_axe":1,"minecraft:stick":12,"minecraft:iron_ingot":2,"minecraft:iron_pickaxe":1,"minecraft:stone_pickaxe":1,"minecraft:wooden_axe":1,"minecraft:torch":12,"minecraft:stone_hoe":1,"minecraft:shears":1}},"DataVersion":3953}