{"stats":{"minecraft:mined":{"minecraft:hay_block":10,"minecraft:furnace":2,"minecraft:red_bed":4,"minecraft:iron_ore":2,"minecraft:wheat":24,"minecraft:orange_terracotta":4,"minecraft:crafting_table":4,"minecraft:short_grass":6,"minecraft:grass_block":2,"minecraft:coal_ore":21,"minecraft:oak_log":13,"minecraft:tall_grass":5,"minecraft:bamboo":1,"minecraft:stone":43,"minecraft:oak_leaves":2,"minecraft:orange_bed":2},"minecraft:dropped":{"minecraft:wheat_seeds":26,"minecraft:wooden_axe":1,"minecraft:wooden_pickaxe":1},"minecraft:crafted":{"minecraft:oak_planks":32,"minecraft:crafting_table":1,"minecraft:stick":8,"minecraft:wooden_pickaxe":1,"minecraft:iron_ingot":2,"minecraft:stone_pickaxe":1,"minecraft:wooden_axe":1,"minecraft:furnace":1,"minecraft:stone_hoe":1,"minecraft:stone_axe":2,"minecraft:shears":1,"minecraft:cooked_mutton":8},"minecraft:picked_up":{"minecraft:crafting_table":4,"minecraft:stick":4,"minecraft:raw_iron":2,"minecraft:wheat":17,"minecraft:porkchop":1,"minecraft:oak_log":13,"minecraft:dirt":2,"minecraft:red_bed":5,"minecraft:orange_bed":2,"minecraft:orange_terracotta":4,"minecraft:wheat_seeds":103,"minecraft:hay_block":10,"minecraft:bread":13,"minecraft:light_gray_wool":1,"minecraft:bamboo":11,"minecraft:oak_sapling":4,"minecraft:mutton":11,"minecraft:coal":38,"minecraft:white_wool":9,"minecraft:cobblestone":38,"minecraft:furnace":2},"minecraft:custom":{"minecraft:time_since_rest":6710,"minecraft:interact_with_furnace":8,"minecraft:sprint_one_cm":119416,"minecraft:damage_taken":266,"minecraft:walk_one_cm":85437,"minecraft:mob_kills":6,"minecraft:drop":28,"minecraft:damage_dealt":500,"minecraft:swim_one_cm":2562,"minecraft:interact_with_crafting_table":11,"minecraft:fly_one_cm":119018,"minecraft:crouch_one_cm":2741,"minecraft:play_time":38276,"minecraft:sneak_time":678,"minecraft:walk_under_water_one_cm":1922,"minecraft:jump":677,"minecraft:climb_one_cm":218,"minecraft:leave_game":1,"minecraft:walk_on_water_one_cm":8703,"minecraft:time_since_death":38276,"minecraft:sleep_in_bed":2,"minecraft:total_world_time":38276,"minecraft:fall_one_cm":13881},"minecraft:killed":{"minecraft:sheep":5,"minecraft:pig":1},"minecraft:used":{"minecraft:wooden_axe":18,"minecraft:cooked_mutton":7,"minecraft:stone_pickaxe":40,"minecraft:oak_planks":18,"minecraft:wooden_pickaxe":35,"minecraft:stone_hoe":22,"minecraft:stone_axe":7,"minecraft:crafting_table":4,"minecraft:furnace":2,"minecraft:red_bed":3,"minecraft:oak_sapling":4}},"DataVersion":3953}