{"stats":{"minecraft:mined":{"minecraft:hay_block":10,"minecraft:furnace":2,"minecraft:red_bed":4,"minecraft:iron_ore":2,"minecraft:wheat":24,"minecraft:orange_terracotta":4,"minecraft:crafting_table":4,"minecraft:short_grass":4,"minecraft:oak_log":13,"minecraft:grass_block":2,"minecraft:coal_ore":21,"minecraft:tall_grass":5,"minecraft:stone":43,"minecraft:oak_leaves":2,"minecraft:orange_bed":2},"minecraft:crafted":{"minecraft:oak_planks":32,"minecraft:crafting_table":1,"minecraft:stick":8,"minecraft:iron_ingot":2,"minecraft:wooden_pickaxe":1,"minecraft:stone_pickaxe":1,"minecraft:wooden_axe":1,"minecraft:furnace":1,"minecraft:stone_hoe":1,"minecraft:stone_axe":2,"minecraft:shears":1,"minecraft:cooked_mutton":8},"minecraft:picked_up":{"minecraft:wheat":17,"minecraft:crafting_table":4,"minecraft:stick":4,"minecraft:raw_iron":2,"minecraft:porkchop":1,"minecraft:oak_log":13,"minecraft:red_bed":5,"minecraft:dirt":2,"minecraft:orange_terracotta":4,"minecraft:orange_bed":2,"minecraft:wheat_seeds":67,"minecraft:hay_block":10,"minecraft:bread":13,"minecraft:light_gray_wool":1,"minecraft:oak_sapling":4,"minecraft:mutton":11,"minecraft:coal":38,"minecraft:white_wool":9,"minecraft:cobblestone":38,"minecraft:furnace":2},"minecraft:killed":{"minecraft:sheep":5,"minecraft:pig":1},"minecraft:custom":{"minecraft:time_since_rest":745,"minecraft:interact_with_furnace":8,"minecraft:sprint_one_cm":97365,"minecraft:damage_taken":106,"minecraft:walk_one_cm":70675,"minecraft:mob_kills":6,"minecraft:damage_dealt":500,"minecraft:interact_with_crafting_table":11,"minecraft:fly_one_cm":85031,"minecraft:crouch_one_cm":2013,"minecraft:play_time":32311,"minecraft:sneak_time":466,"minecraft:walk_under_water_one_cm":1194,"minecraft:jump":513,"minecraft:leave_game":1,"minecraft:walk_on_water_one_cm":7924,"minecraft:time_since_death":32311,"minecraft:sleep_in_bed":2,"minecraft:total_world_time":32311,"minecraft:fall_one_cm":8809},"minecraft:used":{"minecraft:cooked_mutton":4,"minecraft:wooden_axe":18,"minecraft:stone_pickaxe":40,"minecraft:oak_planks":9,"minecraft:wooden_pickaxe":35,"minecraft:stone_hoe":22,"minecraft:stone_axe":6,"minecraft:crafting_table":4,"minecraft:red_bed":3,"minecraft:oak_sapling":4,"minecraft:furnace":2}},"DataVersion":3953}