{"stats":{"minecraft:mined":{"minecraft:red_bed":6,"minecraft:mossy_cobblestone":3,"minecraft:orange_terracotta":4,"minecraft:oak_fence":8,"minecraft:crafting_table":4,"minecraft:short_grass":14,"minecraft:grass_block":2,"minecraft:chest":1,"minecraft:tall_grass":6,"minecraft:cobblestone":32,"minecraft:hay_block":10,"minecraft:furnace":2,"minecraft:iron_ore":2,"minecraft:wheat":24,"minecraft:yellow_bed":3,"minecraft:oak_log":18,"minecraft:coal_ore":21,"minecraft:bamboo":1,"minecraft:stone":43,"minecraft:oak_leaves":2,"minecraft:orange_bed":3},"minecraft:dropped":{"minecraft:wheat_seeds":26,"minecraft:shears":1,"minecraft:wooden_axe":1,"minecraft:wooden_pickaxe":1},"minecraft:crafted":{"minecraft:oak_planks":32,"minecraft:crafting_table":1,"minecraft:wooden_pickaxe":1,"minecraft:furnace":1,"minecraft:stone_axe":2,"minecraft:cooked_mutton":8,"minecraft:stick":8,"minecraft:iron_ingot":2,"minecraft:stone_pickaxe":1,"minecraft:wooden_axe":1,"minecraft:stone_hoe":1,"minecraft:shears":1},"minecraft:picked_up":{"minecraft:crafting_table":4,"minecraft:wheat":17,"minecraft:oak_log":16,"minecraft:yellow_bed":3,"minecraft:dirt":2,"minecraft:red_bed":7,"minecraft:orange_terracotta":4,"minecraft:wheat_seeds":103,"minecraft:stone_pickaxe":1,"minecraft:bamboo":11,"minecraft:light_gray_wool":1,"minecraft:chest":1,"minecraft:furnace":2,"minecraft:stick":4,"minecraft:raw_iron":2,"minecraft:oak_fence":7,"minecraft:porkchop":1,"minecraft:mossy_cobblestone":2,"minecraft:orange_bed":3,"minecraft:hay_block":10,"minecraft:bread":13,"minecraft:oak_sapling":4,"minecraft:mutton":13,"minecraft:coal":38,"minecraft:white_wool":10,"minecraft:cobblestone":70},"minecraft:killed":{"minecraft:pig":1,"minecraft:creeper":1,"minecraft:sheep":5},"minecraft:custom":{"minecraft:interact_with_furnace":8,"minecraft:mob_kills":7,"minecraft:interact_with_crafting_table":11,"minecraft:leave_game":2,"minecraft:time_since_death":49704,"minecraft:sleep_in_bed":2,"minecraft:climb_one_cm":218,"minecraft:time_since_rest":18138,"minecraft:sprint_one_cm":156631,"minecraft:damage_taken":296,"minecraft:walk_one_cm":114403,"minecraft:drop":29,"minecraft:damage_dealt":798,"minecraft:swim_one_cm":5715,"minecraft:fly_one_cm":179538,"minecraft:open_chest":5,"minecraft:crouch_one_cm":2805,"minecraft:play_time":49704,"minecraft:sneak_time":686,"minecraft:walk_under_water_one_cm":2586,"minecraft:jump":927,"minecraft:walk_on_water_one_cm":10722,"minecraft:total_world_time":49704,"minecraft:fall_one_cm":21124},"minecraft:used":{"minecraft:cooked_mutton":8,"minecraft:stone_pickaxe":75,"minecraft:oak_planks":18,"minecraft:wooden_pickaxe":35,"minecraft:stone_hoe":25,"minecraft:orange_bed":1,"minecraft:mossy_cobblestone":2,"minecraft:crafting_table":4,"minecraft:red_bed":6,"minecraft:wooden_axe":18,"minecraft:bread":2,"minecraft:bamboo":11,"minecraft:stone_axe":26,"minecraft:cobblestone":2,"minecraft:furnace":2,"minecraft:oak_sapling":4}},"DataVersion":3953}