{"stats":{"minecraft:custom":{"minecraft:interact_with_furnace":28,"minecraft:mob_kills":13,"minecraft:interact_with_crafting_table":21,"minecraft:leave_game":4,"minecraft:time_since_death":102958,"minecraft:sleep_in_bed":3,"minecraft:climb_one_cm":218,"minecraft:time_since_rest":45806,"minecraft:sprint_one_cm":299801,"minecraft:damage_taken":887,"minecraft:walk_one_cm":218958,"minecraft:damage_blocked_by_shield":269,"minecraft:drop":29,"minecraft:damage_dealt":3307,"minecraft:swim_one_cm":7103,"minecraft:fly_one_cm":353081,"minecraft:open_chest":10,"minecraft:crouch_one_cm":3288,"minecraft:play_time":102958,"minecraft:sneak_time":808,"minecraft:walk_under_water_one_cm":5282,"minecraft:jump":1866,"minecraft:walk_on_water_one_cm":23349,"minecraft:total_world_time":102958,"minecraft:fall_one_cm":46466},"minecraft:picked_up":{"minecraft:crafting_table":6,"minecraft:wheat":17,"minecraft:oak_log":78,"minecraft:yellow_bed":3,"minecraft:dirt":18,"minecraft:red_bed":7,"minecraft:orange_terracotta":4,"minecraft:wheat_seeds":105,"minecraft:iron_ingot":8,"minecraft:stone_pickaxe":1,"minecraft:rose_bush":1,"minecraft:poppy":2,"minecraft:light_gray_wool":1,"minecraft:bamboo":11,"minecraft:chest":1,"minecraft:furnace":4,"minecraft:stick":9,"minecraft:raw_iron":37,"minecraft:oak_fence":7,"minecraft:porkchop":1,"minecraft:diorite":1,"minecraft:mossy_cobblestone":2,"minecraft:orange_bed":3,"minecraft:arrow":3,"minecraft:hay_block":10,"minecraft:bread":13,"minecraft:oak_sapling":9,"minecraft:mutton":13,"minecraft:coal":58,"minecraft:white_wool":10,"minecraft:cobblestone":117},"minecraft:mined":{"minecraft:red_bed":6,"minecraft:mossy_cobblestone":3,"minecraft:orange_terracotta":4,"minecraft:oak_fence":8,"minecraft:crafting_table":6,"minecraft:short_grass":21,"minecraft:grass_block":2,"minecraft:chest":1,"minecraft:rose_bush":1,"minecraft:cobblestone":40,"minecraft:tall_grass":6,"minecraft:diorite":1,"minecraft:hay_block":10,"minecraft:furnace":4,"minecraft:iron_ore":38,"minecraft:wheat":24,"minecraft:yellow_bed":3,"minecraft:oak_log":78,"minecraft:coal_ore":25,"minecraft:bamboo":1,"minecraft:stone":87,"minecraft:oak_leaves":16,"minecraft:orange_bed":3},"minecraft:used":{"minecraft:cooked_mutton":8,"minecraft:stone_pickaxe":83,"minecraft:oak_planks":19,"minecraft:shield":8,"minecraft:chest":1,"minecraft:wooden_pickaxe":35,"minecraft:stone_hoe":25,"minecraft:iron_chestplate":1,"minecraft:orange_bed":1,"minecraft:torch":9,"minecraft:mossy_cobblestone":2,"minecraft:crafting_table":7,"minecraft:red_bed":6,"minecraft:wooden_axe":18,"minecraft:iron_axe":7,"minecraft:bread":20,"minecraft:iron_pickaxe":88,"minecraft:iron_boots":1,"minecraft:stone_axe":141,"minecraft:bamboo":11,"minecraft:cobblestone":26,"minecraft:furnace":4,"minecraft:oak_sapling":4,"minecraft:orange_terracotta":1,"minecraft:iron_leggings":1},"minecraft:dropped":{"minecraft:wheat_seeds":26,"minecraft:shears":1,"minecraft:wooden_axe":1,"minecraft:wooden_pickaxe":1},"minecraft:killed":{"minecraft:pig":1,"minecraft:iron_golem":2,"minecraft:creeper":1,"minecraft:skeleton":2,"minecraft:sheep":5,"minecraft:zombie":2},"minecraft:crafted":{"minecraft:oak_planks":56,"minecraft:crafting_table":2,"minecraft:wooden_pickaxe":1,"minecraft:furnace":2,"minecraft:stone_axe":2,"minecraft:bread":5,"minecraft:cooked_mutton":8,"minecraft:iron_boots":1,"minecraft:iron_chestplate":1,"minecraft:shield":1,"minecraft:iron_axe":1,"minecraft:stick":12,"minecraft:iron_ingot":22,"minecraft:iron_pickaxe":1,"minecraft:stone_pickaxe":1,"minecraft:wooden_axe":1,"minecraft:iron_leggings":1,"minecraft:torch":12,"minecraft:stone_hoe":1,"minecraft:shears":1}},"DataVersion":3953}