{"stats":{"minecraft:mined":{"minecraft:furnace":2,"minecraft:iron_ore":2,"minecraft:crafting_table":3,"minecraft:oak_log":13,"minecraft:grass_block":2,"minecraft:coal_ore":21,"minecraft:stone":43,"minecraft:oak_leaves":2},"minecraft:crafted":{"minecraft:oak_planks":32,"minecraft:crafting_table":1,"minecraft:stick":8,"minecraft:iron_ingot":2,"minecraft:wooden_pickaxe":1,"minecraft:stone_pickaxe":1,"minecraft:wooden_axe":1,"minecraft:furnace":1,"minecraft:stone_axe":2,"minecraft:shears":1,"minecraft:cooked_mutton":8},"minecraft:picked_up":{"minecraft:crafting_table":3,"minecraft:stick":4,"minecraft:raw_iron":2,"minecraft:porkchop":1,"minecraft:oak_log":13,"minecraft:dirt":2,"minecraft:wheat_seeds":4,"minecraft:bread":13,"minecraft:light_gray_wool":1,"minecraft:oak_sapling":4,"minecraft:mutton":9,"minecraft:coal":38,"minecraft:white_wool":9,"minecraft:cobblestone":38,"minecraft:furnace":2},"minecraft:killed":{"minecraft:sheep":5,"minecraft:pig":1},"minecraft:custom":{"minecraft:time_since_rest":23956,"minecraft:interact_with_furnace":8,"minecraft:sprint_one_cm":73712,"minecraft:damage_taken":89,"minecraft:walk_one_cm":51694,"minecraft:mob_kills":6,"minecraft:damage_dealt":500,"minecraft:interact_with_crafting_table":10,"minecraft:fly_one_cm":55202,"minecraft:play_time":23956,"minecraft:sneak_time":18,"minecraft:walk_under_water_one_cm":1168,"minecraft:jump":375,"minecraft:walk_on_water_one_cm":3493,"minecraft:time_since_death":23956,"minecraft:total_world_time":23956,"minecraft:fall_one_cm":5554},"minecraft:used":{"minecraft:cooked_mutton":3,"minecraft:wooden_axe":18,"minecraft:stone_pickaxe":35,"minecraft:oak_planks":9,"minecraft:wooden_pickaxe":35,"minecraft:stone_axe":2,"minecraft:crafting_table":3,"minecraft:oak_sapling":1,"minecraft:furnace":2}},"DataVersion":3953}