{"stats":{"minecraft:mined":{"minecraft:red_bed":6,"minecraft:mossy_cobblestone":3,"minecraft:orange_terracotta":4,"minecraft:oak_fence":8,"minecraft:crafting_table":4,"minecraft:short_grass":15,"minecraft:grass_block":2,"minecraft:chest":1,"minecraft:rose_bush":1,"minecraft:cobblestone":32,"minecraft:tall_grass":6,"minecraft:hay_block":10,"minecraft:furnace":2,"minecraft:iron_ore":2,"minecraft:wheat":24,"minecraft:yellow_bed":3,"minecraft:oak_log":78,"minecraft:coal_ore":21,"minecraft:bamboo":1,"minecraft:stone":43,"minecraft:oak_leaves":16,"minecraft:orange_bed":3},"minecraft:dropped":{"minecraft:wheat_seeds":26,"minecraft:shears":1,"minecraft:wooden_axe":1,"minecraft:wooden_pickaxe":1},"minecraft:crafted":{"minecraft:oak_planks":32,"minecraft:crafting_table":1,"minecraft:wooden_pickaxe":1,"minecraft:furnace":1,"minecraft:stone_axe":2,"minecraft:cooked_mutton":8,"minecraft:stick":8,"minecraft:iron_ingot":2,"minecraft:stone_pickaxe":1,"minecraft:wooden_axe":1,"minecraft:torch":12,"minecraft:stone_hoe":1,"minecraft:shears":1},"minecraft:picked_up":{"minecraft:crafting_table":4,"minecraft:wheat":17,"minecraft:oak_log":78,"minecraft:yellow_bed":3,"minecraft:dirt":2,"minecraft:red_bed":7,"minecraft:orange_terracotta":4,"minecraft:wheat_seeds":104,"minecraft:stone_pickaxe":1,"minecraft:rose_bush":1,"minecraft:light_gray_wool":1,"minecraft:bamboo":11,"minecraft:chest":1,"minecraft:furnace":2,"minecraft:stick":7,"minecraft:raw_iron":2,"minecraft:oak_fence":7,"minecraft:porkchop":1,"minecraft:mossy_cobblestone":2,"minecraft:orange_bed":3,"minecraft:hay_block":10,"minecraft:bread":13,"minecraft:oak_sapling":9,"minecraft:mutton":13,"minecraft:coal":38,"minecraft:white_wool":10,"minecraft:cobblestone":70},"minecraft:killed":{"minecraft:pig":1,"minecraft:creeper":1,"minecraft:sheep":5},"minecraft:custom":{"minecraft:interact_with_furnace":8,"minecraft:mob_kills":7,"minecraft:interact_with_crafting_table":11,"minecraft:leave_game":4,"minecraft:time_since_death":66994,"minecraft:sleep_in_bed":3,"minecraft:climb_one_cm":218,"minecraft:time_since_rest":9842,"minecraft:sprint_one_cm":194837,"minecraft:damage_taken":296,"minecraft:walk_one_cm":136444,"minecraft:drop":29,"minecraft:damage_dealt":798,"minecraft:swim_one_cm":5715,"minecraft:fly_one_cm":214254,"minecraft:open_chest":6,"minecraft:crouch_one_cm":2805,"minecraft:play_time":66994,"minecraft:sneak_time":686,"minecraft:walk_under_water_one_cm":2586,"minecraft:jump":1076,"minecraft:walk_on_water_one_cm":10722,"minecraft:total_world_time":66994,"minecraft:fall_one_cm":25925},"minecraft:used":{"minecraft:cooked_mutton":8,"minecraft:stone_pickaxe":75,"minecraft:oak_planks":18,"minecraft:chest":1,"minecraft:wooden_pickaxe":35,"minecraft:stone_hoe":25,"minecraft:orange_bed":1,"minecraft:torch":9,"minecraft:mossy_cobblestone":2,"minecraft:crafting_table":4,"minecraft:red_bed":6,"minecraft:wooden_axe":18,"minecraft:bread":4,"minecraft:stone_axe":101,"minecraft:bamboo":11,"minecraft:cobblestone":2,"minecraft:oak_sapling":4,"minecraft:furnace":2}},"DataVersion":3953}