{"stats":{"minecraft:custom":{"minecraft:interact_with_smithing_table":1,"minecraft:interact_with_furnace":18,"minecraft:mob_kills":29,"minecraft:interact_with_crafting_table":4,"minecraft:time_since_death":41967,"minecraft:time_since_rest":41967,"minecraft:sprint_one_cm":93608,"minecraft:damage_taken":672,"minecraft:walk_one_cm":91768,"minecraft:damage_blocked_by_shield":315,"minecraft:drop":9,"minecraft:damage_dealt":3855,"minecraft:swim_one_cm":53,"minecraft:fly_one_cm":190856,"minecraft:open_chest":32,"minecraft:crouch_one_cm":12363,"minecraft:play_time":41967,"minecraft:sneak_time":3505,"minecraft:walk_under_water_one_cm":198,"minecraft:boat_one_cm":75563,"minecraft:jump":1089,"minecraft:interact_with_blast_furnace":2,"minecraft:walk_on_water_one_cm":1063,"minecraft:total_world_time":41967,"minecraft:fall_one_cm":32516},"minecraft:picked_up":{"minecraft:feather":1,"minecraft:chicken":3,"minecraft:leather":4,"minecraft:oak_log":102,"minecraft:acacia_boat":1,"minecraft:dirt":1,"minecraft:wheat_seeds":4,"minecraft:cobbled_deepslate":22,"minecraft:raw_gold":1,"minecraft:beef":7,"minecraft:oak_planks":6,"minecraft:stick":2,"minecraft:raw_iron":16,"minecraft:torch":4,"minecraft:acacia_log":5,"minecraft:porkchop":11,"minecraft:carrot":1,"minecraft:redstone":26,"minecraft:spider_eye":1,"minecraft:arrow":1,"minecraft:rotten_flesh":7,"minecraft:diamond":9,"minecraft:gray_wool":1,"minecraft:oak_sapling":4,"minecraft:black_wool":1,"minecraft:mutton":12,"minecraft:coal":28,"minecraft:white_wool":5,"minecraft:cobblestone":29},"minecraft:mined":{"minecraft:deepslate_redstone_ore":6,"minecraft:deepslate_diamond_ore":9,"minecraft:torch":2,"minecraft:short_grass":12,"minecraft:acacia_log":5,"minecraft:grass_block":1,"minecraft:tall_grass":3,"minecraft:deepslate_gold_ore":1,"minecraft:oak_planks":6,"minecraft:wall_torch":1,"minecraft:iron_ore":16,"minecraft:birch_leaves":1,"minecraft:oak_log":102,"minecraft:coal_ore":28,"minecraft:stone":29,"minecraft:deepslate":15},"minecraft:used":{"minecraft:cooked_mutton":2,"minecraft:water_bucket":1,"minecraft:acacia_boat":1,"minecraft:oak_planks":30,"minecraft:shield":6,"minecraft:iron_sword":62,"minecraft:rotten_flesh":5,"minecraft:torch":43,"minecraft:dirt":1,"minecraft:mutton":9,"minecraft:wooden_axe":6,"minecraft:chicken":1,"minecraft:iron_axe":116,"minecraft:iron_pickaxe":106,"minecraft:porkchop":4,"minecraft:cooked_porkchop":3,"minecraft:bucket":1,"minecraft:cooked_beef":1,"minecraft:acacia_planks":3},"minecraft:dropped":{"minecraft:wheat_seeds":4,"minecraft:feather":1,"minecraft:gray_wool":1,"minecraft:mutton":1,"minecraft:oak_sapling":4,"minecraft:white_wool":3},"minecraft:killed":{"minecraft:pig":4,"minecraft:spider":2,"minecraft:skeleton":2,"minecraft:sheep":7,"minecraft:zombie":7,"minecraft:chicken":3,"minecraft:cow":4},"minecraft:crafted":{"minecraft:cooked_beef":7,"minecraft:oak_planks":196,"minecraft:cooked_porkchop":7,"minecraft:crafting_table":1,"minecraft:iron_sword":1,"minecraft:acacia_boat":1,"minecraft:cooked_mutton":2,"minecraft:shield":1,"minecraft:stick":20,"minecraft:iron_pickaxe":1,"minecraft:wooden_axe":1,"minecraft:acacia_planks":20,"minecraft:torch":76}},"DataVersion":3953}