{"stats":{"minecraft:custom":{"minecraft:interact_with_smithing_table":4,"minecraft:mob_kills":68,"minecraft:inspect_hopper":1,"minecraft:interact_with_crafting_table":23,"minecraft:leave_game":1,"minecraft:time_since_death":129691,"minecraft:sprint_one_cm":218929,"minecraft:walk_one_cm":315737,"minecraft:damage_blocked_by_shield":845,"minecraft:drop":48,"minecraft:talked_to_villager":1,"minecraft:play_time":129691,"minecraft:sneak_time":15429,"minecraft:walk_under_water_one_cm":300,"minecraft:boat_one_cm":117453,"minecraft:jump":2944,"minecraft:interact_with_blast_furnace":14,"minecraft:walk_on_water_one_cm":4531,"minecraft:enchant_item":7,"minecraft:total_world_time":129691,"minecraft:interact_with_furnace":72,"minecraft:time_since_rest":129691,"minecraft:damage_taken":1462,"minecraft:damage_dealt":11317,"minecraft:swim_one_cm":53,"minecraft:fly_one_cm":471606,"minecraft:open_chest":81,"minecraft:crouch_one_cm":46586,"minecraft:fall_one_cm":81422},"minecraft:picked_up":{"minecraft:crafting_table":3,"minecraft:chicken":3,"minecraft:string":3,"minecraft:cobbled_deepslate":105,"minecraft:beef":16,"minecraft:sugar_cane":6,"minecraft:raw_iron":126,"minecraft:stick":2,"minecraft:torch":4,"minecraft:acacia_log":5,"minecraft:porkchop":16,"minecraft:carrot":10,"minecraft:redstone":109,"minecraft:stone_sword":1,"minecraft:arrow":12,"minecraft:rotten_flesh":21,"minecraft:mutton":12,"minecraft:obsidian":5,"minecraft:white_wool":5,"minecraft:cobblestone":78,"minecraft:enchanting_table":1,"minecraft:feather":1,"minecraft:cooked_beef":3,"minecraft:leather":9,"minecraft:flint":1,"minecraft:tuff":16,"minecraft:oak_log":130,"minecraft:gunpowder":2,"minecraft:acacia_boat":7,"minecraft:lapis_lazuli":38,"minecraft:dirt":427,"minecraft:bone":4,"minecraft:acacia_planks":1,"minecraft:wheat_seeds":21,"minecraft:raw_gold":14,"minecraft:iron_ingot":1,"minecraft:oak_planks":35,"minecraft:cooked_porkchop":2,"minecraft:gravel":6,"minecraft:grass_block":2,"minecraft:spider_eye":2,"minecraft:diamond":56,"minecraft:gray_wool":1,"minecraft:oak_sapling":4,"minecraft:oak_leaves":46,"minecraft:black_wool":1,"minecraft:coal":28,"minecraft:hopper":1,"minecraft:ender_pearl":1},"minecraft:mined":{"minecraft:tuff":12,"minecraft:deepslate_diamond_ore":56,"minecraft:sculk_vein":2,"minecraft:obsidian":5,"minecraft:acacia_log":5,"minecraft:grass_block":332,"minecraft:hopper":1,"minecraft:carrots":1,"minecraft:iron_ore":54,"minecraft:cobbled_deepslate":4,"minecraft:deepslate_lapis_ore":5,"minecraft:enchanting_table":1,"minecraft:deepslate_iron_ore":73,"minecraft:stone":75,"minecraft:deepslate_redstone_ore":26,"minecraft:crafting_table":3,"minecraft:torch":2,"minecraft:short_grass":76,"minecraft:tall_grass":4,"minecraft:cobblestone":4,"minecraft:deepslate_gold_ore":14,"minecraft:oak_planks":35,"minecraft:sugar_cane":4,"minecraft:wall_torch":1,"minecraft:birch_leaves":1,"minecraft:oak_log":130,"minecraft:coal_ore":28,"minecraft:gravel":7,"minecraft:dirt":57,"minecraft:acacia_planks":1,"minecraft:oak_leaves":1,"minecraft:deepslate":107},"minecraft:used":{"minecraft:enchanting_table":1,"minecraft:flint_and_steel":2,"minecraft:chest":2,"minecraft:shield":26,"minecraft:iron_sword":86,"minecraft:cooked_chicken":2,"minecraft:rotten_flesh":20,"minecraft:torch":74,"minecraft:dirt":60,"minecraft:mutton":9,"minecraft:hopper":1,"minecraft:carrot":5,"minecraft:tuff":5,"minecraft:wooden_axe":6,"minecraft:lava_bucket":9,"minecraft:iron_axe":124,"minecraft:beef":1,"minecraft:furnace":4,"minecraft:cooked_beef":10,"minecraft:cobbled_deepslate":105,"minecraft:acacia_planks":3,"minecraft:cooked_mutton":2,"minecraft:acacia_boat":7,"minecraft:water_bucket":99,"minecraft:oak_planks":101,"minecraft:diamond_axe":62,"minecraft:sugar_cane":6,"minecraft:crafting_table":4,"minecraft:diamond_pickaxe":320,"minecraft:diamond_shovel":394,"minecraft:chicken":1,"minecraft:iron_pickaxe":154,"minecraft:diamond_sword":100,"minecraft:cobblestone":16,"minecraft:porkchop":5,"minecraft:cooked_porkchop":3,"minecraft:bucket":109},"minecraft:dropped":{"minecraft:wheat_seeds":13,"minecraft:diamond":6,"minecraft:feather":1,"minecraft:chainmail_helmet":1,"minecraft:grass_block":2,"minecraft:dirt":13,"minecraft:gray_wool":1,"minecraft:mutton":1,"minecraft:iron_pickaxe":1,"minecraft:string":1,"minecraft:white_wool":3,"minecraft:bone":2,"minecraft:gravel":5,"minecraft:tuff":9,"minecraft:rotten_flesh":1,"minecraft:oak_sapling":4,"minecraft:chainmail_boots":1,"minecraft:spider_eye":2,"minecraft:arrow":7},"minecraft:killed":{"minecraft:spider":7,"minecraft:skeleton":11,"minecraft:chicken":3,"minecraft:pig":7,"minecraft:creeper":1,"minecraft:sheep":7,"minecraft:zombie":21,"minecraft:enderman":3,"minecraft:cow":8},"minecraft:crafted":{"minecraft:golden_carrot":21,"minecraft:oak_planks":480,"minecraft:cooked_chicken":2,"minecraft:furnace":4,"minecraft:diamond_shovel":1,"minecraft:cooked_mutton":2,"minecraft:flint_and_steel":1,"minecraft:hopper":22,"minecraft:diamond_helmet":1,"minecraft:diamond_leggings":1,"minecraft:chest":24,"minecraft:diamond_boots":1,"minecraft:cooked_beef":15,"minecraft:diamond_sword":1,"minecraft:cooked_porkchop":11,"minecraft:diamond_axe":1,"minecraft:crafting_table":3,"minecraft:enchanting_table":1,"minecraft:iron_sword":1,"minecraft:bucket":1,"minecraft:acacia_boat":1,"minecraft:air":0,"minecraft:book":1,"minecraft:paper":3,"minecraft:diamond_pickaxe":1,"minecraft:gold_nugget":153,"minecraft:shield":1,"minecraft:stick":32,"minecraft:iron_pickaxe":1,"minecraft:iron_ingot":126,"minecraft:wooden_axe":1,"minecraft:gold_ingot":14,"minecraft:acacia_planks":20,"minecraft:torch":76,"minecraft:diamond_chestplate":1}},"DataVersion":3953}