{"stats":{"minecraft:custom":{"minecraft:interact_with_smithing_table":4,"minecraft:interact_with_furnace":57,"minecraft:mob_kills":46,"minecraft:inspect_hopper":1,"minecraft:interact_with_crafting_table":18,"minecraft:leave_game":1,"minecraft:time_since_death":93716,"minecraft:time_since_rest":93716,"minecraft:sprint_one_cm":146369,"minecraft:damage_taken":1237,"minecraft:walk_one_cm":192983,"minecraft:damage_blocked_by_shield":695,"minecraft:drop":22,"minecraft:damage_dealt":6996,"minecraft:swim_one_cm":53,"minecraft:fly_one_cm":304292,"minecraft:open_chest":60,"minecraft:crouch_one_cm":32873,"minecraft:play_time":93716,"minecraft:sneak_time":12463,"minecraft:walk_under_water_one_cm":300,"minecraft:boat_one_cm":75563,"minecraft:jump":2100,"minecraft:interact_with_blast_furnace":13,"minecraft:enchant_item":7,"minecraft:walk_on_water_one_cm":3002,"minecraft:total_world_time":93716,"minecraft:fall_one_cm":56994},"minecraft:picked_up":{"minecraft:enchanting_table":1,"minecraft:crafting_table":2,"minecraft:feather":1,"minecraft:chicken":3,"minecraft:leather":7,"minecraft:flint":1,"minecraft:tuff":16,"minecraft:oak_log":102,"minecraft:acacia_boat":1,"minecraft:lapis_lazuli":38,"minecraft:string":2,"minecraft:dirt":1,"minecraft:bone":2,"minecraft:wheat_seeds":4,"minecraft:cobbled_deepslate":105,"minecraft:raw_gold":14,"minecraft:iron_ingot":1,"minecraft:beef":13,"minecraft:oak_planks":35,"minecraft:stick":2,"minecraft:raw_iron":126,"minecraft:gravel":6,"minecraft:torch":4,"minecraft:acacia_log":5,"minecraft:porkchop":11,"minecraft:carrot":6,"minecraft:redstone":109,"minecraft:spider_eye":2,"minecraft:stone_sword":1,"minecraft:arrow":3,"minecraft:rotten_flesh":18,"minecraft:diamond":56,"minecraft:hopper":1,"minecraft:gray_wool":1,"minecraft:oak_leaves":46,"minecraft:oak_sapling":4,"minecraft:obsidian":5,"minecraft:black_wool":1,"minecraft:mutton":12,"minecraft:coal":28,"minecraft:white_wool":5,"minecraft:cobblestone":78},"minecraft:mined":{"minecraft:deepslate_redstone_ore":26,"minecraft:tuff":12,"minecraft:deepslate_diamond_ore":56,"minecraft:sculk_vein":2,"minecraft:obsidian":5,"minecraft:crafting_table":2,"minecraft:torch":2,"minecraft:short_grass":12,"minecraft:acacia_log":5,"minecraft:grass_block":1,"minecraft:tall_grass":3,"minecraft:cobblestone":4,"minecraft:deepslate_gold_ore":14,"minecraft:hopper":1,"minecraft:oak_planks":35,"minecraft:wall_torch":1,"minecraft:carrots":1,"minecraft:cobbled_deepslate":4,"minecraft:iron_ore":54,"minecraft:birch_leaves":1,"minecraft:deepslate_lapis_ore":5,"minecraft:enchanting_table":1,"minecraft:oak_log":102,"minecraft:coal_ore":28,"minecraft:deepslate_iron_ore":73,"minecraft:gravel":7,"minecraft:stone":75,"minecraft:deepslate":107},"minecraft:used":{"minecraft:cooked_mutton":2,"minecraft:water_bucket":5,"minecraft:acacia_boat":1,"minecraft:enchanting_table":1,"minecraft:oak_planks":101,"minecraft:shield":21,"minecraft:iron_sword":86,"minecraft:diamond_axe":27,"minecraft:rotten_flesh":16,"minecraft:torch":44,"minecraft:dirt":1,"minecraft:mutton":9,"minecraft:hopper":1,"minecraft:crafting_table":3,"minecraft:carrot":5,"minecraft:tuff":5,"minecraft:wooden_axe":6,"minecraft:diamond_pickaxe":320,"minecraft:lava_bucket":9,"minecraft:chicken":1,"minecraft:iron_axe":124,"minecraft:iron_pickaxe":154,"minecraft:diamond_sword":33,"minecraft:beef":1,"minecraft:cobblestone":16,"minecraft:furnace":4,"minecraft:porkchop":4,"minecraft:cooked_porkchop":3,"minecraft:bucket":14,"minecraft:cobbled_deepslate":105,"minecraft:cooked_beef":6,"minecraft:acacia_planks":3},"minecraft:dropped":{"minecraft:gravel":5,"minecraft:wheat_seeds":4,"minecraft:tuff":9,"minecraft:feather":1,"minecraft:chainmail_helmet":1,"minecraft:gray_wool":1,"minecraft:mutton":1,"minecraft:chainmail_boots":1,"minecraft:oak_sapling":4,"minecraft:spider_eye":2,"minecraft:arrow":3,"minecraft:iron_pickaxe":1,"minecraft:string":1,"minecraft:bone":2,"minecraft:white_wool":3},"minecraft:killed":{"minecraft:pig":4,"minecraft:spider":5,"minecraft:skeleton":5,"minecraft:sheep":7,"minecraft:zombie":16,"minecraft:chicken":3,"minecraft:cow":6},"minecraft:crafted":{"minecraft:cooked_beef":7,"minecraft:oak_planks":452,"minecraft:diamond_sword":1,"minecraft:cooked_porkchop":7,"minecraft:diamond_axe":1,"minecraft:crafting_table":2,"minecraft:enchanting_table":1,"minecraft:cooked_chicken":2,"minecraft:iron_sword":1,"minecraft:furnace":4,"minecraft:acacia_boat":1,"minecraft:cooked_mutton":2,"minecraft:air":0,"minecraft:flint_and_steel":1,"minecraft:hopper":22,"minecraft:book":1,"minecraft:paper":3,"minecraft:diamond_helmet":1,"minecraft:diamond_leggings":1,"minecraft:diamond_pickaxe":1,"minecraft:gold_nugget":153,"minecraft:shield":1,"minecraft:stick":32,"minecraft:iron_ingot":126,"minecraft:iron_pickaxe":1,"minecraft:wooden_axe":1,"minecraft:chest":22,"minecraft:gold_ingot":14,"minecraft:diamond_boots":1,"minecraft:acacia_planks":20,"minecraft:torch":76,"minecraft:diamond_chestplate":1,"minecraft:golden_carrot":21}},"DataVersion":3953}