{"stats":{"minecraft:custom":{"minecraft:time_since_rest":5967,"minecraft:interact_with_furnace":1,"minecraft:crouch_one_cm":563,"minecraft:play_time":5967,"minecraft:sprint_one_cm":17954,"minecraft:damage_taken":30,"minecraft:walk_one_cm":9441,"minecraft:sneak_time":162,"minecraft:mob_kills":6,"minecraft:boat_one_cm":17220,"minecraft:drop":3,"minecraft:jump":187,"minecraft:damage_dealt":500,"minecraft:time_since_death":5967,"minecraft:total_world_time":5967,"minecraft:interact_with_crafting_table":2,"minecraft:fall_one_cm":6289,"minecraft:fly_one_cm":47695},"minecraft:picked_up":{"minecraft:chicken":1,"minecraft:wheat_seeds":2,"minecraft:acacia_log":5,"minecraft:porkchop":8,"minecraft:mutton":4,"minecraft:white_wool":2},"minecraft:mined":{"minecraft:short_grass":7,"minecraft:acacia_log":5,"minecraft:tall_grass":2},"minecraft:used":{"minecraft:acacia_boat":1,"minecraft:wooden_axe":6,"minecraft:mutton":2,"minecraft:chicken":1},"minecraft:dropped":{"minecraft:wheat_seeds":2,"minecraft:mutton":1},"minecraft:killed":{"minecraft:sheep":2,"minecraft:pig":3,"minecraft:chicken":1},"minecraft:crafted":{"minecraft:acacia_planks":20,"minecraft:crafting_table":1,"minecraft:stick":8,"minecraft:acacia_boat":1,"minecraft:wooden_axe":1}},"DataVersion":3953}