{"stats":{"minecraft:custom":{"minecraft:time_since_rest":17967,"minecraft:interact_with_smithing_table":1,"minecraft:sprint_one_cm":44894,"minecraft:interact_with_furnace":5,"minecraft:damage_taken":159,"minecraft:walk_one_cm":27517,"minecraft:mob_kills":6,"minecraft:drop":3,"minecraft:damage_dealt":590,"minecraft:swim_one_cm":53,"minecraft:interact_with_crafting_table":4,"minecraft:fly_one_cm":103850,"minecraft:open_chest":18,"minecraft:crouch_one_cm":1933,"minecraft:play_time":17967,"minecraft:sneak_time":529,"minecraft:walk_under_water_one_cm":198,"minecraft:boat_one_cm":75563,"minecraft:jump":467,"minecraft:interact_with_blast_furnace":1,"minecraft:time_since_death":17967,"minecraft:walk_on_water_one_cm":534,"minecraft:total_world_time":17967,"minecraft:fall_one_cm":14286},"minecraft:picked_up":{"minecraft:chicken":1,"minecraft:acacia_log":5,"minecraft:porkchop":8,"minecraft:acacia_boat":1,"minecraft:wheat_seeds":2,"minecraft:mutton":4,"minecraft:white_wool":2},"minecraft:mined":{"minecraft:short_grass":7,"minecraft:acacia_log":5,"minecraft:tall_grass":2},"minecraft:used":{"minecraft:wooden_axe":6,"minecraft:acacia_boat":1,"minecraft:iron_axe":1,"minecraft:chicken":1,"minecraft:mutton":3,"minecraft:cooked_porkchop":1,"minecraft:porkchop":4,"minecraft:acacia_planks":3},"minecraft:dropped":{"minecraft:wheat_seeds":2,"minecraft:mutton":1},"minecraft:killed":{"minecraft:sheep":2,"minecraft:pig":3,"minecraft:chicken":1},"minecraft:crafted":{"minecraft:oak_planks":8,"minecraft:cooked_porkchop":4,"minecraft:shield":1,"minecraft:crafting_table":1,"minecraft:stick":8,"minecraft:iron_pickaxe":1,"minecraft:wooden_axe":1,"minecraft:iron_sword":1,"minecraft:acacia_planks":20,"minecraft:acacia_boat":1}},"DataVersion":3953}