{"stats":{"minecraft:custom":{"minecraft:interact_with_smithing_table":1,"minecraft:interact_with_furnace":18,"minecraft:mob_kills":34,"minecraft:interact_with_crafting_table":7,"minecraft:time_since_death":53967,"minecraft:time_since_rest":53967,"minecraft:sprint_one_cm":101105,"minecraft:damage_taken":941,"minecraft:walk_one_cm":120035,"minecraft:damage_blocked_by_shield":640,"minecraft:drop":10,"minecraft:damage_dealt":4926,"minecraft:swim_one_cm":53,"minecraft:fly_one_cm":206485,"minecraft:open_chest":32,"minecraft:crouch_one_cm":18707,"minecraft:play_time":53967,"minecraft:sneak_time":6582,"minecraft:walk_under_water_one_cm":300,"minecraft:boat_one_cm":75563,"minecraft:jump":1264,"minecraft:interact_with_blast_furnace":2,"minecraft:walk_on_water_one_cm":2057,"minecraft:total_world_time":53967,"minecraft:fall_one_cm":37388},"minecraft:picked_up":{"minecraft:crafting_table":1,"minecraft:feather":1,"minecraft:chicken":3,"minecraft:leather":4,"minecraft:oak_log":102,"minecraft:acacia_boat":1,"minecraft:string":1,"minecraft:dirt":1,"minecraft:wheat_seeds":4,"minecraft:cobbled_deepslate":45,"minecraft:raw_gold":2,"minecraft:beef":7,"minecraft:oak_planks":14,"minecraft:stick":2,"minecraft:raw_iron":18,"minecraft:torch":4,"minecraft:acacia_log":5,"minecraft:porkchop":11,"minecraft:carrot":1,"minecraft:redstone":26,"minecraft:spider_eye":2,"minecraft:arrow":2,"minecraft:rotten_flesh":12,"minecraft:diamond":26,"minecraft:gray_wool":1,"minecraft:oak_sapling":4,"minecraft:obsidian":4,"minecraft:black_wool":1,"minecraft:mutton":12,"minecraft:coal":28,"minecraft:white_wool":5,"minecraft:cobblestone":33},"minecraft:mined":{"minecraft:deepslate_redstone_ore":6,"minecraft:deepslate_diamond_ore":26,"minecraft:sculk_vein":2,"minecraft:obsidian":4,"minecraft:crafting_table":1,"minecraft:torch":2,"minecraft:short_grass":12,"minecraft:acacia_log":5,"minecraft:grass_block":1,"minecraft:tall_grass":3,"minecraft:cobblestone":4,"minecraft:deepslate_gold_ore":2,"minecraft:oak_planks":14,"minecraft:wall_torch":1,"minecraft:iron_ore":16,"minecraft:birch_leaves":1,"minecraft:deepslate_lapis_ore":1,"minecraft:oak_log":102,"minecraft:coal_ore":28,"minecraft:deepslate_iron_ore":2,"minecraft:stone":29,"minecraft:deepslate":42},"minecraft:used":{"minecraft:cooked_mutton":2,"minecraft:water_bucket":4,"minecraft:acacia_boat":1,"minecraft:oak_planks":64,"minecraft:shield":19,"minecraft:iron_sword":86,"minecraft:diamond_axe":1,"minecraft:rotten_flesh":12,"minecraft:torch":44,"minecraft:dirt":1,"minecraft:mutton":9,"minecraft:crafting_table":1,"minecraft:wooden_axe":6,"minecraft:diamond_pickaxe":10,"minecraft:lava_bucket":9,"minecraft:chicken":1,"minecraft:iron_axe":124,"minecraft:iron_pickaxe":154,"minecraft:cobblestone":15,"minecraft:porkchop":4,"minecraft:cooked_porkchop":3,"minecraft:bucket":13,"minecraft:cobbled_deepslate":2,"minecraft:cooked_beef":3,"minecraft:acacia_planks":3},"minecraft:dropped":{"minecraft:wheat_seeds":4,"minecraft:feather":1,"minecraft:gray_wool":1,"minecraft:mutton":1,"minecraft:oak_sapling":4,"minecraft:iron_pickaxe":1,"minecraft:white_wool":3},"minecraft:killed":{"minecraft:pig":4,"minecraft:spider":3,"minecraft:skeleton":3,"minecraft:sheep":7,"minecraft:zombie":10,"minecraft:chicken":3,"minecraft:cow":4},"minecraft:crafted":{"minecraft:cooked_beef":7,"minecraft:oak_planks":196,"minecraft:diamond_sword":1,"minecraft:cooked_porkchop":7,"minecraft:diamond_axe":1,"minecraft:crafting_table":2,"minecraft:iron_sword":1,"minecraft:acacia_boat":1,"minecraft:cooked_mutton":2,"minecraft:diamond_leggings":1,"minecraft:diamond_pickaxe":1,"minecraft:shield":1,"minecraft:stick":32,"minecraft:iron_pickaxe":1,"minecraft:wooden_axe":1,"minecraft:acacia_planks":20,"minecraft:torch":76,"minecraft:diamond_chestplate":1}},"DataVersion":3953}