{"stats":{"minecraft:custom":{"minecraft:interact_with_smithing_table":1,"minecraft:interact_with_furnace":18,"minecraft:mob_kills":44,"minecraft:interact_with_crafting_table":10,"minecraft:time_since_death":77967,"minecraft:time_since_rest":77967,"minecraft:sprint_one_cm":135429,"minecraft:damage_taken":1237,"minecraft:walk_one_cm":172464,"minecraft:damage_blocked_by_shield":695,"minecraft:drop":22,"minecraft:damage_dealt":6796,"minecraft:swim_one_cm":53,"minecraft:fly_one_cm":280095,"minecraft:open_chest":32,"minecraft:crouch_one_cm":32484,"minecraft:play_time":77967,"minecraft:sneak_time":12373,"minecraft:walk_under_water_one_cm":300,"minecraft:boat_one_cm":75563,"minecraft:jump":1945,"minecraft:interact_with_blast_furnace":2,"minecraft:walk_on_water_one_cm":3002,"minecraft:total_world_time":77967,"minecraft:fall_one_cm":53383},"minecraft:picked_up":{"minecraft:crafting_table":2,"minecraft:feather":1,"minecraft:chicken":3,"minecraft:leather":4,"minecraft:flint":1,"minecraft:tuff":16,"minecraft:oak_log":102,"minecraft:acacia_boat":1,"minecraft:lapis_lazuli":38,"minecraft:string":2,"minecraft:dirt":1,"minecraft:bone":2,"minecraft:wheat_seeds":4,"minecraft:cobbled_deepslate":105,"minecraft:raw_gold":14,"minecraft:iron_ingot":1,"minecraft:beef":7,"minecraft:oak_planks":35,"minecraft:stick":2,"minecraft:raw_iron":126,"minecraft:gravel":6,"minecraft:torch":4,"minecraft:acacia_log":5,"minecraft:porkchop":11,"minecraft:carrot":1,"minecraft:redstone":109,"minecraft:spider_eye":2,"minecraft:stone_sword":1,"minecraft:arrow":3,"minecraft:rotten_flesh":15,"minecraft:diamond":56,"minecraft:gray_wool":1,"minecraft:oak_leaves":46,"minecraft:oak_sapling":4,"minecraft:obsidian":5,"minecraft:black_wool":1,"minecraft:mutton":12,"minecraft:coal":28,"minecraft:white_wool":5,"minecraft:cobblestone":78},"minecraft:mined":{"minecraft:deepslate_redstone_ore":26,"minecraft:tuff":12,"minecraft:deepslate_diamond_ore":56,"minecraft:sculk_vein":2,"minecraft:obsidian":5,"minecraft:crafting_table":2,"minecraft:torch":2,"minecraft:short_grass":12,"minecraft:acacia_log":5,"minecraft:grass_block":1,"minecraft:tall_grass":3,"minecraft:cobblestone":4,"minecraft:deepslate_gold_ore":14,"minecraft:oak_planks":35,"minecraft:wall_torch":1,"minecraft:cobbled_deepslate":4,"minecraft:iron_ore":54,"minecraft:birch_leaves":1,"minecraft:deepslate_lapis_ore":5,"minecraft:oak_log":102,"minecraft:coal_ore":28,"minecraft:deepslate_iron_ore":73,"minecraft:gravel":7,"minecraft:stone":75,"minecraft:deepslate":107},"minecraft:used":{"minecraft:cooked_mutton":2,"minecraft:water_bucket":5,"minecraft:acacia_boat":1,"minecraft:oak_planks":101,"minecraft:shield":21,"minecraft:iron_sword":86,"minecraft:diamond_axe":23,"minecraft:rotten_flesh":15,"minecraft:torch":44,"minecraft:dirt":1,"minecraft:mutton":9,"minecraft:crafting_table":3,"minecraft:tuff":5,"minecraft:wooden_axe":6,"minecraft:diamond_pickaxe":318,"minecraft:lava_bucket":9,"minecraft:chicken":1,"minecraft:iron_axe":124,"minecraft:iron_pickaxe":154,"minecraft:diamond_sword":33,"minecraft:cobblestone":16,"minecraft:porkchop":4,"minecraft:cooked_porkchop":3,"minecraft:bucket":14,"minecraft:cobbled_deepslate":105,"minecraft:cooked_beef":6,"minecraft:acacia_planks":3},"minecraft:dropped":{"minecraft:gravel":5,"minecraft:wheat_seeds":4,"minecraft:tuff":9,"minecraft:feather":1,"minecraft:chainmail_helmet":1,"minecraft:gray_wool":1,"minecraft:mutton":1,"minecraft:chainmail_boots":1,"minecraft:oak_sapling":4,"minecraft:spider_eye":2,"minecraft:arrow":3,"minecraft:iron_pickaxe":1,"minecraft:string":1,"minecraft:bone":2,"minecraft:white_wool":3},"minecraft:killed":{"minecraft:pig":4,"minecraft:spider":5,"minecraft:skeleton":5,"minecraft:sheep":7,"minecraft:zombie":16,"minecraft:chicken":3,"minecraft:cow":4},"minecraft:crafted":{"minecraft:cooked_beef":7,"minecraft:oak_planks":196,"minecraft:diamond_sword":1,"minecraft:cooked_porkchop":7,"minecraft:diamond_axe":1,"minecraft:crafting_table":2,"minecraft:iron_sword":1,"minecraft:furnace":4,"minecraft:acacia_boat":1,"minecraft:cooked_mutton":2,"minecraft:flint_and_steel":1,"minecraft:diamond_helmet":1,"minecraft:diamond_leggings":1,"minecraft:diamond_pickaxe":1,"minecraft:shield":1,"minecraft:stick":32,"minecraft:iron_pickaxe":1,"minecraft:wooden_axe":1,"minecraft:diamond_boots":1,"minecraft:acacia_planks":20,"minecraft:torch":76,"minecraft:diamond_chestplate":1}},"DataVersion":3953}