{"stats":{"minecraft:custom":{"minecraft:time_since_rest":29967,"minecraft:interact_with_smithing_table":1,"minecraft:sprint_one_cm":78979,"minecraft:interact_with_furnace":16,"minecraft:damage_taken":309,"minecraft:walk_one_cm":52999,"minecraft:damage_blocked_by_shield":150,"minecraft:mob_kills":16,"minecraft:drop":6,"minecraft:damage_dealt":1490,"minecraft:swim_one_cm":53,"minecraft:interact_with_crafting_table":4,"minecraft:fly_one_cm":164687,"minecraft:open_chest":28,"minecraft:crouch_one_cm":4525,"minecraft:play_time":29967,"minecraft:sneak_time":1321,"minecraft:walk_under_water_one_cm":198,"minecraft:boat_one_cm":75563,"minecraft:jump":822,"minecraft:interact_with_blast_furnace":2,"minecraft:time_since_death":29967,"minecraft:walk_on_water_one_cm":534,"minecraft:total_world_time":29967,"minecraft:fall_one_cm":26227},"minecraft:picked_up":{"minecraft:stick":2,"minecraft:chicken":1,"minecraft:leather":4,"minecraft:acacia_log":5,"minecraft:porkchop":11,"minecraft:oak_log":102,"minecraft:acacia_boat":1,"minecraft:dirt":1,"minecraft:wheat_seeds":3,"minecraft:beef":7,"minecraft:gray_wool":1,"minecraft:oak_sapling":4,"minecraft:black_wool":1,"minecraft:coal":28,"minecraft:mutton":12,"minecraft:white_wool":5,"minecraft:cobblestone":2},"minecraft:mined":{"minecraft:birch_leaves":1,"minecraft:short_grass":10,"minecraft:acacia_log":5,"minecraft:coal_ore":28,"minecraft:grass_block":1,"minecraft:oak_log":102,"minecraft:tall_grass":3,"minecraft:stone":2},"minecraft:used":{"minecraft:wooden_axe":6,"minecraft:acacia_boat":1,"minecraft:iron_axe":110,"minecraft:chicken":1,"minecraft:iron_pickaxe":30,"minecraft:shield":1,"minecraft:iron_sword":9,"minecraft:dirt":1,"minecraft:mutton":9,"minecraft:cooked_porkchop":3,"minecraft:porkchop":4,"minecraft:acacia_planks":3},"minecraft:dropped":{"minecraft:gray_wool":1,"minecraft:wheat_seeds":3,"minecraft:mutton":1,"minecraft:oak_sapling":4},"minecraft:killed":{"minecraft:sheep":7,"minecraft:pig":4,"minecraft:chicken":1,"minecraft:cow":4},"minecraft:crafted":{"minecraft:cooked_beef":7,"minecraft:oak_planks":196,"minecraft:cooked_porkchop":5,"minecraft:shield":1,"minecraft:crafting_table":1,"minecraft:stick":8,"minecraft:iron_pickaxe":1,"minecraft:wooden_axe":1,"minecraft:iron_sword":1,"minecraft:acacia_planks":20,"minecraft:torch":20,"minecraft:acacia_boat":1}},"DataVersion":3953}