{"stats":{"minecraft:custom":{"minecraft:interact_with_furnace":42,"minecraft:mob_kills":28,"minecraft:interact_with_crafting_table":17,"minecraft:leave_game":6,"minecraft:time_since_death":70534,"minecraft:sleep_in_bed":1,"minecraft:time_since_rest":47938,"minecraft:sprint_one_cm":67921,"minecraft:damage_taken":430,"minecraft:walk_one_cm":110629,"minecraft:drop":21,"minecraft:damage_dealt":3768,"minecraft:talked_to_villager":2,"minecraft:swim_one_cm":22472,"minecraft:fly_one_cm":140538,"minecraft:open_chest":3,"minecraft:crouch_one_cm":10521,"minecraft:play_time":70534,"minecraft:sneak_time":5029,"minecraft:walk_under_water_one_cm":8063,"minecraft:boat_one_cm":109388,"minecraft:jump":990,"minecraft:walk_on_water_one_cm":3738,"minecraft:total_world_time":70534,"minecraft:fall_one_cm":24554},"minecraft:picked_up":{"minecraft:birch_log":35,"minecraft:feather":2,"minecraft:cooked_beef":9,"minecraft:chicken":2,"minecraft:andesite":53,"minecraft:leather":13,"minecraft:brown_wool":1,"minecraft:tuff":2,"minecraft:oak_log":46,"minecraft:gunpowder":2,"minecraft:lapis_lazuli":125,"minecraft:dirt":13,"minecraft:apple":1,"minecraft:wheat_seeds":3,"minecraft:cobbled_deepslate":283,"minecraft:raw_gold":16,"minecraft:beef":16,"minecraft:iron_ingot":8,"minecraft:stone_pickaxe":1,"minecraft:poppy":3,"minecraft:furnace":1,"minecraft:stick":3,"minecraft:raw_iron":96,"minecraft:smooth_basalt":2,"minecraft:torch":1,"minecraft:gravel":3,"minecraft:porkchop":17,"minecraft:diorite":37,"minecraft:redstone":36,"minecraft:rotten_flesh":1,"minecraft:diamond":48,"minecraft:short_grass":8,"minecraft:granite":23,"minecraft:oak_sapling":2,"minecraft:black_wool":1,"minecraft:mutton":8,"minecraft:coal":157,"minecraft:oak_leaves":339,"minecraft:white_wool":3,"minecraft:cobblestone":247},"minecraft:mined":{"minecraft:deepslate_redstone_ore":8,"minecraft:tuff":2,"minecraft:deepslate_diamond_ore":50,"minecraft:granite":24,"minecraft:short_grass":98,"minecraft:grass_block":8,"minecraft:tall_grass":14,"minecraft:deepslate_gold_ore":10,"minecraft:lapis_ore":19,"minecraft:diorite":37,"minecraft:wall_torch":2,"minecraft:magma_block":2,"minecraft:furnace":1,"minecraft:birch_log":35,"minecraft:iron_ore":75,"minecraft:andesite":53,"minecraft:birch_leaves":6,"minecraft:deepslate_lapis_ore":10,"minecraft:oak_log":47,"minecraft:coal_ore":103,"minecraft:deepslate_iron_ore":1,"minecraft:gravel":3,"minecraft:dirt":17,"minecraft:smooth_basalt":2,"minecraft:stone":318,"minecraft:gold_ore":6,"minecraft:deepslate":284,"minecraft:oak_leaves":396},"minecraft:broken":{"minecraft:shears":1,"minecraft:iron_pickaxe":1},"minecraft:used":{"minecraft:stone_sword":86,"minecraft:stone_pickaxe":66,"minecraft:poppy":2,"minecraft:wooden_pickaxe":17,"minecraft:iron_sword":53,"minecraft:oak_leaves":293,"minecraft:dirt":8,"minecraft:crafting_table":4,"minecraft:granite":1,"minecraft:shears":365,"minecraft:diamond_pickaxe":467,"minecraft:black_wool":1,"minecraft:iron_axe":109,"minecraft:iron_pickaxe":474,"minecraft:oak_sapling":1,"minecraft:furnace":2,"minecraft:birch_log":1,"minecraft:oak_boat":1,"minecraft:cobbled_deepslate":7,"minecraft:cooked_beef":7},"minecraft:dropped":{"minecraft:iron_ingot":2,"minecraft:short_grass":8,"minecraft:cooked_beef":1,"minecraft:stone_sword":1,"minecraft:chicken":1,"minecraft:cobblestone":129,"minecraft:rotten_flesh":1,"minecraft:shears":1,"minecraft:poppy":1,"minecraft:dirt":5,"minecraft:diorite":37,"minecraft:torch":1,"minecraft:andesite":8,"minecraft:oak_sapling":1,"minecraft:wooden_pickaxe":1,"minecraft:stone_pickaxe":2,"minecraft:oak_leaves":46},"minecraft:killed":{"minecraft:pig":9,"minecraft:spider":1,"minecraft:iron_golem":1,"minecraft:creeper":1,"minecraft:sheep":5,"minecraft:zombie":1,"minecraft:chicken":2,"minecraft:cow":8},"minecraft:crafted":{"minecraft:cooked_beef":7,"minecraft:smooth_stone":3,"minecraft:oak_planks":32,"minecraft:crafting_table":4,"minecraft:wooden_pickaxe":1,"minecraft:iron_sword":1,"minecraft:furnace":2,"minecraft:blast_furnace":1,"minecraft:stone":3,"minecraft:air":0,"minecraft:oak_boat":1,"minecraft:diamond_pickaxe":1,"minecraft:iron_axe":1,"minecraft:stick":8,"minecraft:iron_ingot":16,"minecraft:iron_pickaxe":2,"minecraft:stone_pickaxe":1,"minecraft:stone_sword":1,"minecraft:shears":2}},"DataVersion":3953}