{"stats":{"minecraft:mined":{"minecraft:iron_ore":11,"minecraft:andesite":36,"minecraft:granite":1,"minecraft:short_grass":73,"minecraft:oak_log":12,"minecraft:grass_block":6,"minecraft:coal_ore":20,"minecraft:dirt":1,"minecraft:tall_grass":11,"minecraft:wall_torch":2,"minecraft:stone":43,"minecraft:oak_leaves":370},"minecraft:dropped":{"minecraft:iron_ingot":2,"minecraft:cooked_beef":1,"minecraft:stone_pickaxe":1},"minecraft:crafted":{"minecraft:cooked_beef":7,"minecraft:oak_boat":1,"minecraft:oak_planks":24,"minecraft:crafting_table":2,"minecraft:stick":8,"minecraft:iron_ingot":7,"minecraft:wooden_pickaxe":1,"minecraft:iron_pickaxe":1,"minecraft:stone_pickaxe":1,"minecraft:stone_sword":1,"minecraft:furnace":1,"minecraft:shears":2,"minecraft:air":0},"minecraft:broken":{"minecraft:shears":1},"minecraft:picked_up":{"minecraft:raw_iron":11,"minecraft:cooked_beef":9,"minecraft:feather":2,"minecraft:chicken":1,"minecraft:andesite":36,"minecraft:brown_wool":1,"minecraft:leather":7,"minecraft:torch":1,"minecraft:porkchop":2,"minecraft:oak_log":12,"minecraft:dirt":7,"minecraft:wheat_seeds":3,"minecraft:short_grass":8,"minecraft:iron_ingot":2,"minecraft:beef":11,"minecraft:granite":1,"minecraft:stone_pickaxe":1,"minecraft:black_wool":1,"minecraft:mutton":8,"minecraft:coal":19,"minecraft:oak_leaves":339,"minecraft:white_wool":3,"minecraft:cobblestone":43},"minecraft:killed":{"minecraft:sheep":5,"minecraft:pig":1,"minecraft:chicken":1,"minecraft:cow":5},"minecraft:custom":{"minecraft:time_since_rest":3031,"minecraft:interact_with_furnace":12,"minecraft:sprint_one_cm":35181,"minecraft:damage_taken":95,"minecraft:walk_one_cm":52449,"minecraft:mob_kills":12,"minecraft:drop":4,"minecraft:damage_dealt":978,"minecraft:interact_with_crafting_table":11,"minecraft:fly_one_cm":79761,"minecraft:open_chest":3,"minecraft:crouch_one_cm":2395,"minecraft:play_time":25627,"minecraft:sneak_time":1495,"minecraft:walk_under_water_one_cm":651,"minecraft:boat_one_cm":109388,"minecraft:jump":472,"minecraft:leave_game":4,"minecraft:walk_on_water_one_cm":1485,"minecraft:time_since_death":25627,"minecraft:sleep_in_bed":1,"minecraft:total_world_time":25627,"minecraft:fall_one_cm":12691},"minecraft:used":{"minecraft:black_wool":1,"minecraft:stone_sword":70,"minecraft:stone_pickaxe":66,"minecraft:iron_pickaxe":32,"minecraft:wooden_pickaxe":17,"minecraft:oak_leaves":291,"minecraft:dirt":7,"minecraft:crafting_table":2,"minecraft:furnace":1,"minecraft:oak_boat":1,"minecraft:cooked_beef":2,"minecraft:shears":365,"minecraft:granite":1}},"DataVersion":3953}