{"stats":{"minecraft:custom":{"minecraft:interact_with_furnace":47,"minecraft:mob_kills":32,"minecraft:interact_with_crafting_table":22,"minecraft:bell_ring":11,"minecraft:leave_game":6,"minecraft:time_since_death":94534,"minecraft:sleep_in_bed":2,"minecraft:time_since_rest":5514,"minecraft:sprint_one_cm":118523,"minecraft:damage_taken":1097,"minecraft:walk_one_cm":192563,"minecraft:drop":115,"minecraft:damage_dealt":4886,"minecraft:talked_to_villager":20,"minecraft:swim_one_cm":34763,"minecraft:fly_one_cm":249588,"minecraft:open_chest":8,"minecraft:crouch_one_cm":11047,"minecraft:play_time":94534,"minecraft:sneak_time":5380,"minecraft:walk_under_water_one_cm":11956,"minecraft:boat_one_cm":109388,"minecraft:jump":1534,"minecraft:walk_on_water_one_cm":8313,"minecraft:total_world_time":94534,"minecraft:fall_one_cm":38255},"minecraft:picked_up":{"minecraft:birch_log":35,"minecraft:feather":2,"minecraft:cooked_beef":9,"minecraft:chicken":2,"minecraft:andesite":53,"minecraft:leather":14,"minecraft:brown_wool":1,"minecraft:tuff":2,"minecraft:oak_log":46,"minecraft:gunpowder":2,"minecraft:lapis_lazuli":125,"minecraft:dirt":25,"minecraft:apple":2,"minecraft:wheat_seeds":9,"minecraft:cobbled_deepslate":284,"minecraft:raw_gold":16,"minecraft:beef":16,"minecraft:iron_ingot":11,"minecraft:stone_pickaxe":1,"minecraft:poppy":5,"minecraft:lectern":18,"minecraft:sugar_cane":16,"minecraft:furnace":1,"minecraft:stick":6,"minecraft:raw_iron":96,"minecraft:smooth_basalt":2,"minecraft:torch":2,"minecraft:sand":35,"minecraft:gravel":4,"minecraft:porkchop":17,"minecraft:diorite":37,"minecraft:redstone":36,"minecraft:rotten_flesh":1,"minecraft:diamond":48,"minecraft:short_grass":8,"minecraft:granite":23,"minecraft:oak_sapling":5,"minecraft:black_wool":1,"minecraft:mutton":8,"minecraft:coal":157,"minecraft:oak_leaves":339,"minecraft:white_wool":3,"minecraft:cobblestone":247},"minecraft:mined":{"minecraft:deepslate_redstone_ore":8,"minecraft:tuff":2,"minecraft:deepslate_diamond_ore":50,"minecraft:torch":1,"minecraft:granite":24,"minecraft:short_grass":157,"minecraft:grass_block":49,"minecraft:poppy":1,"minecraft:lectern":18,"minecraft:tall_grass":23,"minecraft:deepslate_gold_ore":10,"minecraft:lapis_ore":19,"minecraft:sugar_cane":6,"minecraft:diorite":37,"minecraft:wall_torch":2,"minecraft:magma_block":2,"minecraft:furnace":1,"minecraft:birch_log":35,"minecraft:iron_ore":75,"minecraft:andesite":53,"minecraft:birch_leaves":6,"minecraft:deepslate_lapis_ore":10,"minecraft:oak_log":47,"minecraft:coal_ore":103,"minecraft:dirt_path":1,"minecraft:deepslate_iron_ore":1,"minecraft:sand":36,"minecraft:gravel":4,"minecraft:dirt":20,"minecraft:smooth_basalt":2,"minecraft:stone":320,"minecraft:gold_ore":6,"minecraft:deepslate":284,"minecraft:oak_leaves":396},"minecraft:broken":{"minecraft:shears":1,"minecraft:iron_pickaxe":1},"minecraft:used":{"minecraft:water_bucket":6,"minecraft:iron_shovel":76,"minecraft:stone_sword":86,"minecraft:stone_pickaxe":66,"minecraft:poppy":3,"minecraft:wooden_pickaxe":17,"minecraft:iron_sword":91,"minecraft:sugar_cane":6,"minecraft:oak_leaves":293,"minecraft:torch":1,"minecraft:sand":32,"minecraft:dirt":11,"minecraft:crafting_table":5,"minecraft:granite":1,"minecraft:shears":365,"minecraft:diamond_pickaxe":472,"minecraft:black_wool":1,"minecraft:iron_axe":128,"minecraft:iron_pickaxe":474,"minecraft:lectern":19,"minecraft:oak_sapling":1,"minecraft:furnace":2,"minecraft:bucket":6,"minecraft:birch_log":1,"minecraft:oak_boat":1,"minecraft:cobbled_deepslate":50,"minecraft:cooked_beef":15},"minecraft:dropped":{"minecraft:iron_ingot":2,"minecraft:sugar_cane":1,"minecraft:wheat_seeds":2,"minecraft:short_grass":8,"minecraft:cooked_beef":1,"minecraft:stone_sword":1,"minecraft:cobbled_deepslate":81,"minecraft:chicken":1,"minecraft:cobblestone":129,"minecraft:rotten_flesh":1,"minecraft:apple":2,"minecraft:granite":9,"minecraft:shears":1,"minecraft:poppy":2,"minecraft:dirt":5,"minecraft:diorite":37,"minecraft:torch":1,"minecraft:andesite":8,"minecraft:oak_sapling":1,"minecraft:sand":3,"minecraft:wooden_pickaxe":1,"minecraft:stone_pickaxe":2,"minecraft:iron_shovel":3,"minecraft:oak_leaves":46},"minecraft:killed":{"minecraft:pig":9,"minecraft:spider":1,"minecraft:iron_golem":2,"minecraft:creeper":1,"minecraft:horse":1,"minecraft:sheep":5,"minecraft:zombie":3,"minecraft:chicken":2,"minecraft:cow":8},"minecraft:crafted":{"minecraft:cooked_beef":7,"minecraft:oak_slab":6,"minecraft:smooth_stone":3,"minecraft:oak_planks":52,"minecraft:crafting_table":5,"minecraft:wooden_pickaxe":1,"minecraft:iron_sword":1,"minecraft:furnace":2,"minecraft:blast_furnace":1,"minecraft:stone":3,"minecraft:bucket":1,"minecraft:bookshelf":1,"minecraft:air":0,"minecraft:oak_boat":1,"minecraft:lectern":1,"minecraft:book":3,"minecraft:paper":9,"minecraft:diamond_pickaxe":1,"minecraft:iron_axe":1,"minecraft:stick":16,"minecraft:iron_ingot":18,"minecraft:iron_pickaxe":2,"minecraft:stone_pickaxe":1,"minecraft:stone_sword":1,"minecraft:iron_shovel":4,"minecraft:shears":2}},"DataVersion":3953}