{"stats":{"minecraft:custom":{"minecraft:interact_with_furnace":16,"minecraft:mob_kills":13,"minecraft:interact_with_crafting_table":13,"minecraft:leave_game":5,"minecraft:time_since_death":33536,"minecraft:sleep_in_bed":1,"minecraft:time_since_rest":10940,"minecraft:sprint_one_cm":46591,"minecraft:damage_taken":145,"minecraft:walk_one_cm":60546,"minecraft:drop":7,"minecraft:damage_dealt":1978,"minecraft:swim_one_cm":1107,"minecraft:talked_to_villager":2,"minecraft:fly_one_cm":100494,"minecraft:open_chest":3,"minecraft:crouch_one_cm":2721,"minecraft:play_time":33536,"minecraft:sneak_time":1724,"minecraft:walk_under_water_one_cm":1673,"minecraft:boat_one_cm":109388,"minecraft:jump":629,"minecraft:walk_on_water_one_cm":2062,"minecraft:total_world_time":33536,"minecraft:fall_one_cm":16359},"minecraft:picked_up":{"minecraft:birch_log":12,"minecraft:feather":2,"minecraft:cooked_beef":9,"minecraft:chicken":1,"minecraft:andesite":36,"minecraft:brown_wool":1,"minecraft:leather":7,"minecraft:oak_log":17,"minecraft:dirt":8,"minecraft:apple":1,"minecraft:wheat_seeds":3,"minecraft:iron_ingot":7,"minecraft:beef":11,"minecraft:stone_pickaxe":1,"minecraft:poppy":3,"minecraft:raw_iron":11,"minecraft:torch":1,"minecraft:porkchop":2,"minecraft:short_grass":8,"minecraft:granite":1,"minecraft:oak_sapling":1,"minecraft:black_wool":1,"minecraft:mutton":8,"minecraft:coal":19,"minecraft:oak_leaves":339,"minecraft:white_wool":3,"minecraft:cobblestone":43},"minecraft:mined":{"minecraft:granite":1,"minecraft:short_grass":78,"minecraft:grass_block":7,"minecraft:tall_grass":13,"minecraft:wall_torch":2,"minecraft:birch_log":12,"minecraft:iron_ore":11,"minecraft:birch_leaves":3,"minecraft:andesite":36,"minecraft:oak_log":17,"minecraft:coal_ore":20,"minecraft:dirt":1,"minecraft:stone":43,"minecraft:oak_leaves":377},"minecraft:broken":{"minecraft:shears":1},"minecraft:used":{"minecraft:stone_sword":86,"minecraft:stone_pickaxe":66,"minecraft:poppy":2,"minecraft:wooden_pickaxe":17,"minecraft:oak_leaves":293,"minecraft:dirt":8,"minecraft:crafting_table":2,"minecraft:granite":1,"minecraft:shears":365,"minecraft:black_wool":1,"minecraft:iron_axe":32,"minecraft:iron_pickaxe":32,"minecraft:furnace":1,"minecraft:oak_boat":1,"minecraft:cooked_beef":4},"minecraft:dropped":{"minecraft:iron_ingot":2,"minecraft:cooked_beef":1,"minecraft:stone_sword":1,"minecraft:poppy":1,"minecraft:stone_pickaxe":1,"minecraft:oak_leaves":46},"minecraft:killed":{"minecraft:pig":1,"minecraft:iron_golem":1,"minecraft:sheep":5,"minecraft:chicken":1,"minecraft:cow":5},"minecraft:crafted":{"minecraft:cooked_beef":7,"minecraft:oak_planks":24,"minecraft:crafting_table":2,"minecraft:wooden_pickaxe":1,"minecraft:iron_sword":1,"minecraft:furnace":1,"minecraft:air":0,"minecraft:oak_boat":1,"minecraft:iron_axe":1,"minecraft:stick":8,"minecraft:iron_ingot":11,"minecraft:iron_pickaxe":1,"minecraft:stone_pickaxe":1,"minecraft:stone_sword":1,"minecraft:shears":2}},"DataVersion":3953}