{"stats":{"minecraft:mined":{"minecraft:iron_ore":11,"minecraft:andesite":36,"minecraft:granite":1,"minecraft:short_grass":53,"minecraft:oak_log":6,"minecraft:grass_block":6,"minecraft:coal_ore":20,"minecraft:dirt":1,"minecraft:stone":43,"minecraft:oak_leaves":4},"minecraft:dropped":{"minecraft:stone_pickaxe":1},"minecraft:crafted":{"minecraft:cooked_beef":7,"minecraft:oak_boat":1,"minecraft:oak_planks":24,"minecraft:crafting_table":2,"minecraft:stick":8,"minecraft:iron_ingot":7,"minecraft:wooden_pickaxe":1,"minecraft:iron_pickaxe":1,"minecraft:stone_pickaxe":1,"minecraft:stone_sword":1,"minecraft:furnace":1,"minecraft:air":0},"minecraft:picked_up":{"minecraft:raw_iron":11,"minecraft:feather":2,"minecraft:chicken":1,"minecraft:andesite":36,"minecraft:leather":4,"minecraft:porkchop":2,"minecraft:oak_log":6,"minecraft:dirt":7,"minecraft:wheat_seeds":2,"minecraft:beef":7,"minecraft:granite":1,"minecraft:stone_pickaxe":1,"minecraft:mutton":1,"minecraft:coal":19,"minecraft:white_wool":1,"minecraft:cobblestone":43},"minecraft:killed":{"minecraft:sheep":1,"minecraft:pig":1,"minecraft:chicken":1,"minecraft:cow":3},"minecraft:custom":{"minecraft:time_since_rest":13848,"minecraft:interact_with_furnace":12,"minecraft:sprint_one_cm":17156,"minecraft:damage_taken":30,"minecraft:walk_one_cm":15001,"minecraft:mob_kills":6,"minecraft:drop":1,"minecraft:damage_dealt":520,"minecraft:interact_with_crafting_table":7,"minecraft:fly_one_cm":42901,"minecraft:crouch_one_cm":2178,"minecraft:play_time":13848,"minecraft:sneak_time":1289,"minecraft:walk_under_water_one_cm":651,"minecraft:boat_one_cm":32636,"minecraft:jump":244,"minecraft:leave_game":3,"minecraft:walk_on_water_one_cm":1485,"minecraft:time_since_death":13848,"minecraft:total_world_time":13848,"minecraft:fall_one_cm":8143},"minecraft:used":{"minecraft:stone_sword":46,"minecraft:stone_pickaxe":66,"minecraft:iron_pickaxe":32,"minecraft:wooden_pickaxe":17,"minecraft:dirt":7,"minecraft:crafting_table":2,"minecraft:furnace":1,"minecraft:oak_boat":1,"minecraft:cooked_beef":2,"minecraft:granite":1}},"DataVersion":3953}