{"stats":{"minecraft:custom":{"minecraft:interact_with_furnace":39,"minecraft:mob_kills":28,"minecraft:interact_with_crafting_table":14,"minecraft:leave_game":6,"minecraft:time_since_death":46564,"minecraft:sleep_in_bed":1,"minecraft:time_since_rest":23968,"minecraft:sprint_one_cm":64157,"minecraft:damage_taken":270,"minecraft:walk_one_cm":80128,"minecraft:drop":8,"minecraft:damage_dealt":3768,"minecraft:talked_to_villager":2,"minecraft:swim_one_cm":3068,"minecraft:fly_one_cm":137884,"minecraft:open_chest":3,"minecraft:crouch_one_cm":4015,"minecraft:play_time":46564,"minecraft:sneak_time":2555,"minecraft:walk_under_water_one_cm":3930,"minecraft:boat_one_cm":109388,"minecraft:jump":858,"minecraft:walk_on_water_one_cm":2866,"minecraft:total_world_time":46564,"minecraft:fall_one_cm":23473},"minecraft:picked_up":{"minecraft:birch_log":35,"minecraft:feather":2,"minecraft:cooked_beef":9,"minecraft:chicken":2,"minecraft:andesite":44,"minecraft:leather":13,"minecraft:brown_wool":1,"minecraft:oak_log":46,"minecraft:gunpowder":2,"minecraft:dirt":13,"minecraft:apple":1,"minecraft:wheat_seeds":3,"minecraft:beef":16,"minecraft:iron_ingot":7,"minecraft:stone_pickaxe":1,"minecraft:poppy":3,"minecraft:stick":3,"minecraft:raw_iron":27,"minecraft:torch":1,"minecraft:porkchop":17,"minecraft:rotten_flesh":1,"minecraft:short_grass":8,"minecraft:granite":19,"minecraft:oak_sapling":2,"minecraft:black_wool":1,"minecraft:mutton":8,"minecraft:coal":62,"minecraft:oak_leaves":339,"minecraft:white_wool":3,"minecraft:cobblestone":111},"minecraft:mined":{"minecraft:granite":20,"minecraft:short_grass":98,"minecraft:grass_block":8,"minecraft:tall_grass":14,"minecraft:diorite":5,"minecraft:wall_torch":2,"minecraft:birch_log":35,"minecraft:iron_ore":27,"minecraft:andesite":44,"minecraft:birch_leaves":6,"minecraft:oak_log":47,"minecraft:coal_ore":63,"minecraft:dirt":5,"minecraft:stone":116,"minecraft:oak_leaves":396},"minecraft:broken":{"minecraft:shears":1},"minecraft:used":{"minecraft:stone_sword":86,"minecraft:stone_pickaxe":66,"minecraft:poppy":2,"minecraft:wooden_pickaxe":17,"minecraft:iron_sword":53,"minecraft:oak_leaves":293,"minecraft:dirt":8,"minecraft:crafting_table":3,"minecraft:granite":1,"minecraft:shears":365,"minecraft:black_wool":1,"minecraft:iron_axe":109,"minecraft:iron_pickaxe":196,"minecraft:oak_sapling":1,"minecraft:furnace":2,"minecraft:oak_boat":1,"minecraft:cooked_beef":6},"minecraft:dropped":{"minecraft:iron_ingot":2,"minecraft:cooked_beef":1,"minecraft:stone_sword":1,"minecraft:rotten_flesh":1,"minecraft:poppy":1,"minecraft:stone_pickaxe":1,"minecraft:oak_leaves":46},"minecraft:killed":{"minecraft:pig":9,"minecraft:spider":1,"minecraft:iron_golem":1,"minecraft:creeper":1,"minecraft:sheep":5,"minecraft:zombie":1,"minecraft:chicken":2,"minecraft:cow":8},"minecraft:crafted":{"minecraft:cooked_beef":7,"minecraft:oak_planks":28,"minecraft:crafting_table":3,"minecraft:wooden_pickaxe":1,"minecraft:iron_sword":1,"minecraft:furnace":2,"minecraft:air":0,"minecraft:oak_boat":1,"minecraft:iron_axe":1,"minecraft:stick":8,"minecraft:iron_ingot":11,"minecraft:iron_pickaxe":1,"minecraft:stone_pickaxe":1,"minecraft:stone_sword":1,"minecraft:shears":2}},"DataVersion":3953}